Date,Open,High,Low,Close,Volume
11-Apr-17,14.97,14.99,14.55,14.68,38392300
10-Apr-17,14.90,14.94,14.70,14.94,37541700
7-Apr-17,14.61,14.90,14.60,14.70,32944900
6-Apr-17,14.62,14.87,14.42,14.53,34386000
5-Apr-17,15.05,15.16,14.50,14.57,49623400
4-Apr-17,14.67,14.89,14.57,14.85,23908400
3-Apr-17,14.54,14.75,14.53,14.67,39152900
31-Mar-17,14.36,14.65,14.26,14.49,33379400
30-Mar-17,14.55,14.64,14.35,14.45,32667300
29-Mar-17,14.04,14.49,13.93,14.45,42753800
28-Mar-17,13.90,14.11,13.77,13.95,44750200
27-Mar-17,13.24,13.79,13.02,13.77,31849500
24-Mar-17,13.70,13.77,13.34,13.48,29850700
23-Mar-17,13.48,13.82,13.42,13.57,36319000
22-Mar-17,13.20,13.72,13.03,13.66,62553500
21-Mar-17,13.61,13.63,12.82,13.00,46118700
20-Mar-17,12.98,13.67,13.10,13.60,52155500
17-Mar-17,13.81,13.88,13.05,13.16,81509200
16-Mar-17,14.26,14.32,13.68,13.71,35113900
15-Mar-17,13.86,14.20,13.55,14.20,55059600
14-Mar-17,14.07,14.10,13.59,13.59,66394300
13-Mar-17,14.33,14.40,14.16,14.37,27975700
10-Mar-17,14.72,14.88,14.24,14.31,42454600
9-Mar-17,14.34,14.59,14.17,14.50,46467600
8-Mar-17,15.16,15.18,14.55,14.55,49300700
7-Mar-17,15.18,15.38,15.12,15.18,30927300
6-Mar-17,15.11,15.47,15.04,15.10,23325000
3-Mar-17,15.22,15.34,15.04,15.32,24516800
2-Mar-17,15.44,15.45,14.99,15.11,38490800
1-Mar-17,15.51,15.55,15.32,15.52,25661000
24-Feb-17,15.35,15.47,15.10,15.18,30412200
23-Feb-17,15.94,16.10,15.48,15.56,41208700
22-Feb-17,16.00,16.02,15.57,15.70,45255400
21-Feb-17,16.10,16.23,16.04,16.09,33685800
20-Feb-17,15.74,15.98,15.65,15.92,33514000
17-Feb-17,15.74,15.90,15.60,15.61,24866600
16-Feb-17,15.84,16.07,15.75,15.86,37276900
15-Feb-17,15.91,16.05,15.78,15.84,47953300
14-Feb-17,15.74,15.95,15.56,15.82,34417400
13-Feb-17,15.77,15.91,15.55,15.62,36055100
10-Feb-17,15.20,15.63,15.14,15.58,44467000
9-Feb-17,15.18,15.24,14.96,15.05,33910300
8-Feb-17,14.77,15.10,14.27,15.10,58228700
7-Feb-17,15.10,15.16,14.70,14.70,29163900
6-Feb-17,15.38,15.47,14.95,14.96,29686500
3-Feb-17,14.92,15.34,14.77,15.34,40213400
2-Feb-17,14.99,15.28,14.86,14.89,39306700
1-Feb-17,15.26,15.41,14.91,15.02,35977000
31-Jan-17,14.99,15.37,14.90,15.02,30807200
30-Jan-17,15.51,15.53,14.84,14.84,26779500
27-Jan-17,15.73,15.87,15.54,15.62,23275300
26-Jan-17,16.15,16.19,15.80,15.80,37391900
24-Jan-17,16.12,16.43,15.97,16.04,49710600
23-Jan-17,15.94,16.09,15.79,15.99,25139100
20-Jan-17,15.84,16.19,15.81,16.00,34863500
19-Jan-17,15.82,15.88,15.58,15.77,21677600
18-Jan-17,15.80,15.93,15.71,15.79,24725200
17-Jan-17,15.73,15.97,15.72,15.82,28663300
16-Jan-17,15.70,15.75,15.58,15.75,20069600
13-Jan-17,15.77,15.95,15.57,15.68,34450000
12-Jan-17,16.15,16.25,15.90,15.90,49890300
11-Jan-17,15.64,15.68,15.27,15.66,34399300
10-Jan-17,15.60,15.68,15.39,15.48,26239900
9-Jan-17,15.50,15.60,15.33,15.33,25599000
6-Jan-17,15.78,15.92,15.50,15.66,25592000
5-Jan-17,15.70,15.91,15.62,15.75,47586300
4-Jan-17,15.45,15.68,15.31,15.50,37071700
3-Jan-17,14.95,15.65,14.95,15.50,39947800
2-Jan-17,14.64,14.70,14.60,14.66,7525700
29-Dec-16,14.85,14.88,14.52,14.87,18090600
28-Dec-16,14.43,14.81,14.36,14.78,18979900
27-Dec-16,14.50,14.55,14.26,14.41,14949200
26-Dec-16,14.32,14.45,14.27,14.42,5734300
23-Dec-16,14.05,14.35,14.01,14.24,21776900
22-Dec-16,14.46,14.46,14.01,14.01,42240500
21-Dec-16,14.45,14.48,14.04,14.34,32856800
20-Dec-16,14.46,14.59,14.10,14.35,31810000
19-Dec-16,14.88,14.89,14.35,14.36,39128600
16-Dec-16,14.90,15.14,14.76,14.76,37876200
15-Dec-16,14.78,14.91,14.33,14.85,43338800
14-Dec-16,15.43,15.47,14.74,14.74,44215700
13-Dec-16,15.55,15.69,15.38,15.45,33455000
12-Dec-16,15.80,15.95,15.48,15.60,35436700
9-Dec-16,15.88,15.90,15.52,15.58,37161200
8-Dec-16,15.97,16.00,15.52,15.70,41104800
7-Dec-16,16.30,16.33,15.77,15.86,50247400
6-Dec-16,16.00,16.20,15.74,16.15,63916700
5-Dec-16,16.01,16.09,15.55,15.66,47586500
2-Dec-16,15.12,15.91,14.75,15.83,58381500
1-Dec-16,16.00,16.35,15.33,15.44,66775400
30-Nov-16,15.90,16.19,15.61,16.00,82547300
29-Nov-16,15.30,15.38,14.59,14.66,54075900
28-Nov-16,15.20,15.56,15.20,15.46,38747500
25-Nov-16,15.25,15.52,15.05,15.30,47630600
24-Nov-16,15.90,15.90,15.58,15.58,14725000
23-Nov-16,15.72,15.99,15.53,15.85,42490100
22-Nov-16,15.93,16.08,15.25,15.93,58636100
21-Nov-16,15.05,15.58,14.88,15.58,59122000
18-Nov-16,14.37,14.69,14.21,14.52,55041300
17-Nov-16,15.15,15.32,14.29,14.29,51535300
16-Nov-16,14.55,14.96,14.18,14.74,77406600
14-Nov-16,13.80,14.18,13.33,14.00,86623000
11-Nov-16,15.18,15.46,13.94,14.01,129811400
10-Nov-16,17.10,17.18,15.50,15.50,94683900
9-Nov-16,15.85,17.10,15.81,16.65,111417100
8-Nov-16,17.10,17.48,16.73,17.04,56241000
7-Nov-16,16.71,17.21,16.71,17.21,51625300
4-Nov-16,16.47,16.58,15.91,15.99,61347700
3-Nov-16,16.63,17.03,16.13,16.13,56998700
1-Nov-16,17.88,17.88,16.56,16.86,68718800
31-Oct-16,18.03,18.17,17.61,17.69,42059100
28-Oct-16,17.99,18.29,17.95,18.09,37689700
27-Oct-16,18.11,18.49,18.09,18.09,43645900
26-Oct-16,17.70,18.25,17.61,18.10,51424400
25-Oct-16,18.22,18.29,17.71,18.00,57674100
24-Oct-16,18.26,18.43,18.00,18.20,51678900
21-Oct-16,17.65,18.09,17.48,17.95,47961800
20-Oct-16,17.31,17.74,17.22,17.74,62901500
19-Oct-16,17.72,17.79,17.34,17.62,65212400
18-Oct-16,17.21,17.64,17.18,17.42,76995000
17-Oct-16,16.24,16.90,16.07,16.90,75002000
14-Oct-16,16.01,16.29,15.98,16.26,65860200
13-Oct-16,15.19,15.82,15.03,15.76,57948800
11-Oct-16,15.61,15.66,15.29,15.39,67922200
10-Oct-16,15.52,15.77,15.51,15.73,38276900
7-Oct-16,15.23,15.38,14.97,15.26,71451100
6-Oct-16,14.71,15.10,14.62,15.10,76742600
5-Oct-16,14.19,14.64,14.16,14.58,64885900
4-Oct-16,13.98,14.12,13.83,14.02,39164500
3-Oct-16,13.67,13.97,13.62,13.97,34213400
30-Sep-16,13.53,13.77,13.44,13.57,38771900
29-Sep-16,13.80,13.90,13.43,13.43,52739800
28-Sep-16,13.30,13.85,13.12,13.85,68638800
27-Sep-16,13.40,13.40,12.87,13.12,57601700
26-Sep-16,13.59,13.69,13.39,13.40,35279500
23-Sep-16,13.98,13.98,13.54,13.69,52484600
22-Sep-16,13.89,14.09,13.84,14.00,47350800
21-Sep-16,13.60,13.69,13.40,13.66,60692700
20-Sep-16,13.45,13.63,13.33,13.50,51793200
19-Sep-16,13.42,13.54,13.02,13.05,50843600
16-Sep-16,13.34,13.42,13.16,13.16,44390800
15-Sep-16,13.21,13.56,13.16,13.51,42013500
14-Sep-16,13.15,13.36,12.97,13.11,43701300
13-Sep-16,13.70,13.85,12.94,13.01,63836600
12-Sep-16,13.32,13.95,13.27,13.95,44001900
9-Sep-16,13.96,14.02,13.51,13.51,42394100
8-Sep-16,14.07,14.29,13.96,14.22,42521700
6-Sep-16,13.69,13.98,13.53,13.98,41469800
5-Sep-16,13.79,13.93,13.73,13.83,26036400
2-Sep-16,13.22,13.58,13.15,13.57,56739700
1-Sep-16,12.97,13.09,12.76,13.00,45169600
31-Aug-16,13.13,13.22,12.71,12.85,60716500
30-Aug-16,13.04,13.23,12.97,13.09,51384500
29-Aug-16,12.50,12.96,12.45,12.87,36593800
26-Aug-16,12.69,12.90,12.45,12.55,50349600
25-Aug-16,12.42,12.64,12.35,12.53,40196000
24-Aug-16,12.50,12.71,12.37,12.40,44110900
23-Aug-16,12.48,12.86,12.42,12.67,60839500
22-Aug-16,12.63,12.63,12.30,12.35,43051700
19-Aug-16,12.82,12.92,12.70,12.79,33117100
18-Aug-16,12.80,13.03,12.78,12.88,44722400
17-Aug-16,12.47,12.76,12.32,12.76,46522900
16-Aug-16,12.31,12.56,12.14,12.49,48078700
15-Aug-16,12.19,12.37,12.07,12.31,53317800
12-Aug-16,12.05,12.44,11.98,12.00,70741700
11-Aug-16,11.63,12.10,11.60,12.10,55366300
10-Aug-16,11.95,11.97,11.56,11.56,41271100
9-Aug-16,11.92,12.07,11.75,11.88,33252600
8-Aug-16,11.79,11.97,11.70,11.91,41250200
5-Aug-16,12.12,12.17,11.65,11.65,53774400
4-Aug-16,11.93,12.12,11.87,12.01,63002100
3-Aug-16,11.58,11.90,11.33,11.90,55415400
2-Aug-16,11.33,11.62,11.10,11.36,48718400
1-Aug-16,11.93,11.97,11.22,11.25,51743600
29-Jul-16,11.76,11.98,11.61,11.87,60478800
28-Jul-16,11.40,11.55,11.15,11.44,40520000
27-Jul-16,11.99,12.04,11.51,11.51,51445100
26-Jul-16,11.95,12.07,11.85,11.88,37973200
25-Jul-16,11.98,12.25,11.91,12.03,47052500
22-Jul-16,11.84,11.97,11.72,11.94,33710800
21-Jul-16,11.77,11.99,11.73,11.85,37104800
20-Jul-16,11.82,11.90,11.54,11.82,48977800
19-Jul-16,11.51,11.97,11.50,11.78,53476600
18-Jul-16,10.97,11.74,10.87,11.55,76735200
15-Jul-16,10.91,11.06,10.82,11.02,50548500
14-Jul-16,10.92,10.98,10.66,10.93,52858500
13-Jul-16,10.47,10.63,10.21,10.63,63853200
12-Jul-16,10.61,10.80,10.58,10.65,57746000
11-Jul-16,10.00,10.37,9.98,10.36,66292400
8-Jul-16,9.85,9.94,9.67,9.84,42461600
7-Jul-16,9.66,9.98,9.52,9.56,81055500
6-Jul-16,9.09,9.52,8.95,9.50,67388800
5-Jul-16,9.65,9.67,9.23,9.29,69346700
4-Jul-16,9.95,10.05,9.79,9.87,24178400
1-Jul-16,9.48,9.85,9.37,9.82,48955300
30-Jun-16,9.42,9.49,9.24,9.42,43553100
29-Jun-16,9.43,9.57,9.32,9.50,55797800
28-Jun-16,9.10,9.28,9.07,9.20,45074700
27-Jun-16,9.22,9.34,8.78,8.78,58414200
24-Jun-16,9.00,9.33,8.92,9.25,75415500
23-Jun-16,9.59,9.70,9.51,9.67,47585300
22-Jun-16,9.61,9.75,9.34,9.34,61513800
21-Jun-16,9.09,9.54,8.94,9.53,53088200
20-Jun-16,9.22,9.37,9.12,9.18,63528500
17-Jun-16,8.75,8.95,8.73,8.95,62846500
16-Jun-16,8.41,8.54,8.28,8.50,46684700
15-Jun-16,8.30,8.69,8.27,8.51,84452900
14-Jun-16,8.60,8.77,8.25,8.30,65765900
13-Jun-16,8.58,8.84,8.52,8.62,36940400
10-Jun-16,8.97,8.99,8.78,8.78,38477900
9-Jun-16,9.28,9.38,9.05,9.18,46363000
8-Jun-16,8.80,9.41,8.80,9.39,76884500
7-Jun-16,8.42,8.72,8.39,8.62,34237400
6-Jun-16,8.70,8.78,8.45,8.46,36641500
3-Jun-16,8.51,8.67,8.45,8.57,45258900
2-Jun-16,8.19,8.41,8.03,8.40,52409600
1-Jun-16,8.09,8.25,7.86,8.18,45684200
31-May-16,8.36,8.57,8.04,8.04,58131400
30-May-16,8.18,8.62,8.06,8.38,32026500
27-May-16,8.50,8.57,8.23,8.23,46731500
25-May-16,8.68,8.94,8.59,8.67,45197600
24-May-16,8.69,8.85,8.45,8.53,44460400
23-May-16,8.55,8.67,8.42,8.50,50931700
20-May-16,9.20,9.46,8.90,8.90,64767100
19-May-16,9.25,9.25,8.65,8.96,75046800
18-May-16,9.31,9.65,9.27,9.32,51586000
17-May-16,9.83,9.88,9.46,9.50,45956300
16-May-16,9.55,9.85,9.52,9.75,61299400
13-May-16,9.93,10.06,9.39,9.46,69333400
12-May-16,10.40,10.47,9.79,9.79,66483700
11-May-16,10.39,10.50,9.99,10.25,74096100
10-May-16,9.82,10.21,9.72,10.21,52427200
9-May-16,10.01,10.05,8.84,9.48,93854800
6-May-16,9.63,10.13,9.58,10.08,45058100
5-May-16,10.28,10.30,9.60,9.81,64778000
4-May-16,9.85,10.15,9.85,9.92,42950100
3-May-16,10.01,10.09,9.71,9.78,46522600
2-May-16,10.25,10.36,9.93,10.17,48220200
29-Apr-16,10.41,10.49,10.01,10.23,53536700
28-Apr-16,10.23,10.54,10.08,10.23,57267400
27-Apr-16,9.85,10.30,9.77,10.25,85924400
26-Apr-16,9.48,9.74,9.34,9.67,40154000
25-Apr-16,9.71,9.90,9.33,9.33,56033300
22-Apr-16,9.32,9.93,9.29,9.75,62882600
20-Apr-16,9.40,9.64,9.34,9.48,52943700
19-Apr-16,9.48,9.67,9.34,9.62,56950600
18-Apr-16,9.65,9.72,8.89,9.24,88029600
15-Apr-16,9.25,9.83,9.07,9.69,94638400
14-Apr-16,9.73,9.77,9.12,9.16,76807100
13-Apr-16,9.41,9.74,9.29,9.51,105862500
12-Apr-16,8.55,9.15,8.49,9.03,85896900
11-Apr-16,8.43,8.58,8.34,8.39,60901800
8-Apr-16,8.13,8.34,8.04,8.26,84076200
7-Apr-16,7.79,7.85,7.60,7.70,46161900
6-Apr-16,7.77,7.96,7.58,7.58,70091000
5-Apr-16,7.55,8.05,7.41,7.83,74976300
4-Apr-16,8.00,8.18,7.53,7.58,69861900
1-Apr-16,8.05,8.41,7.94,8.36,73880500
31-Mar-16,8.36,8.63,8.19,8.35,69529900
30-Mar-16,8.70,9.00,8.28,8.44,89303100
29-Mar-16,8.34,8.85,8.19,8.49,88569100
28-Mar-16,8.15,8.48,7.91,8.44,69134300
24-Mar-16,7.53,8.00,7.32,7.81,52097200
23-Mar-16,7.88,7.96,7.66,7.78,60657100
22-Mar-16,7.85,8.18,7.73,8.11,83727900
21-Mar-16,8.08,8.27,7.93,8.06,65115600
18-Mar-16,8.09,8.17,7.72,8.12,76508100
17-Mar-16,8.15,8.19,7.71,8.10,117592500
16-Mar-16,6.51,7.23,6.41,7.23,84796400
15-Mar-16,6.83,6.96,6.56,6.61,104078000
14-Mar-16,8.13,8.20,7.40,7.40,85124900
11-Mar-16,7.94,8.22,7.67,8.09,92331300
10-Mar-16,7.80,7.96,7.31,7.95,117672300
9-Mar-16,7.70,7.78,7.36,7.60,84821900
8-Mar-16,7.37,7.84,7.08,7.47,137169400
7-Mar-16,7.25,7.53,6.95,7.37,85041400
4-Mar-16,7.90,7.90,6.90,7.22,175922100
3-Mar-16,5.85,6.80,5.80,6.57,186772500
2-Mar-16,5.21,5.65,5.15,5.65,88545800
1-Mar-16,5.31,5.37,5.10,5.31,80939200
29-Feb-16,5.08,5.23,4.98,5.14,84105000
26-Feb-16,5.02,5.10,4.83,4.87,61396800
25-Feb-16,4.81,5.08,4.79,4.89,70393700
24-Feb-16,4.77,4.93,4.65,4.87,75039700
23-Feb-16,4.95,5.28,4.82,4.92,85037400
22-Feb-16,4.67,5.04,4.63,5.04,80150300
19-Feb-16,4.50,4.57,4.40,4.46,56031000
18-Feb-16,4.69,4.87,4.55,4.59,65026900
17-Feb-16,4.54,4.82,4.51,4.68,84473100
16-Feb-16,4.50,4.64,4.42,4.44,80343900
15-Feb-16,4.56,4.60,4.52,4.52,28490400
12-Feb-16,4.37,4.51,4.30,4.45,64027200
11-Feb-16,4.20,4.27,4.12,4.23,59451500
10-Feb-16,4.30,4.41,4.28,4.31,45747400
5-Feb-16,4.73,4.78,4.53,4.54,52704500
4-Feb-16,4.56,4.94,4.36,4.73,91974200
3-Feb-16,4.42,4.52,4.22,4.49,73786400
2-Feb-16,4.56,4.65,4.30,4.30,53610300
1-Feb-16,4.74,4.86,4.66,4.72,51910300
29-Jan-16,4.70,4.86,4.52,4.84,93013900
28-Jan-16,4.67,5.13,4.35,4.60,131960900
27-Jan-16,4.22,4.64,4.16,4.57,79437900
26-Jan-16,4.23,4.31,4.12,4.20,71933300
22-Jan-16,4.73,4.77,4.40,4.41,100576600
21-Jan-16,4.37,4.67,4.36,4.50,87455300
20-Jan-16,4.50,4.50,4.26,4.43,92914100
19-Jan-16,5.03,5.05,4.64,4.66,66529300
18-Jan-16,5.19,5.21,4.80,4.80,46407200
15-Jan-16,5.35,5.44,5.16,5.17,75571500
14-Jan-16,5.31,5.69,5.13,5.69,76854200
13-Jan-16,5.70,5.74,5.25,5.27,70874300
12-Jan-16,6.12,6.12,5.51,5.53,81627800
11-Jan-16,6.27,6.30,6.05,6.09,51334000
8-Jan-16,6.38,6.45,6.13,6.27,52100300
7-Jan-16,6.19,6.43,6.08,6.26,57387900
6-Jan-16,6.53,6.54,6.40,6.40,67507200
5-Jan-16,6.92,7.00,6.62,6.68,29446700
4-Jan-16,6.57,7.03,6.55,6.87,45962100
30-Dec-15,6.66,6.76,6.52,6.70,30041600
29-Dec-15,6.81,6.87,6.68,6.69,22441300
28-Dec-15,6.90,6.90,6.65,6.70,28617600
23-Dec-15,6.91,7.04,6.87,6.93,38789700
22-Dec-15,6.76,6.82,6.62,6.79,40463400
21-Dec-15,7.06,7.09,6.62,6.64,54032100
18-Dec-15,7.02,7.10,6.92,7.02,59442600
17-Dec-15,7.35,7.52,7.19,7.20,43267100
16-Dec-15,7.28,7.36,7.09,7.29,38355200
15-Dec-15,7.34,7.47,7.30,7.42,33717000
14-Dec-15,7.15,7.23,7.07,7.21,32669200
11-Dec-15,7.26,7.53,7.21,7.25,50251500
10-Dec-15,7.51,7.57,7.31,7.45,42891500
9-Dec-15,7.34,7.82,7.27,7.65,81298100
8-Dec-15,7.20,7.20,6.95,7.13,46274300
7-Dec-15,7.60,7.61,7.15,7.19,46828800
4-Dec-15,7.97,7.97,7.42,7.52,62642300
3-Dec-15,7.99,8.17,7.79,7.98,75498900
2-Dec-15,7.54,7.59,7.35,7.52,46822900
1-Dec-15,7.67,7.76,7.45,7.49,35075700
30-Nov-15,7.54,7.84,7.42,7.67,71762900
27-Nov-15,7.81,7.86,7.57,7.60,37966800
26-Nov-15,7.95,8.04,7.82,7.92,21460800
25-Nov-15,8.28,8.35,7.90,7.90,53873300
24-Nov-15,8.05,8.50,7.95,8.50,62287000
23-Nov-15,7.90,8.10,7.85,8.08,47056700
19-Nov-15,7.96,7.98,7.62,7.84,50770100
18-Nov-15,7.81,8.03,7.79,7.82,37744400
17-Nov-15,7.80,7.86,7.64,7.76,51733800
16-Nov-15,7.31,7.70,7.31,7.70,55678600
13-Nov-15,7.50,7.56,7.23,7.27,66113500
12-Nov-15,7.72,7.74,7.53,7.58,40685700
11-Nov-15,7.71,7.83,7.64,7.72,43588900
10-Nov-15,7.60,7.69,7.51,7.61,32833500
9-Nov-15,7.83,7.93,7.59,7.64,35514500
6-Nov-15,8.04,8.08,7.73,7.82,39004100
5-Nov-15,8.08,8.17,7.87,8.11,92166100
4-Nov-15,8.58,8.65,8.02,8.08,55190900
3-Nov-15,7.84,8.48,7.77,8.48,58800500
30-Oct-15,7.60,7.78,7.54,7.71,36512700
29-Oct-15,7.57,7.93,7.57,7.61,40518600
28-Oct-15,7.61,7.95,7.52,7.70,56071800
27-Oct-15,7.86,7.86,7.55,7.60,42911900
26-Oct-15,8.05,8.13,7.80,7.85,34497300
23-Oct-15,8.26,8.28,7.94,7.99,45304300
22-Oct-15,7.82,8.11,7.81,8.02,45820100
21-Oct-15,7.95,8.06,7.71,7.75,44678300
20-Oct-15,8.00,8.19,7.97,8.05,47475400
19-Oct-15,7.90,7.96,7.76,7.95,39355800
16-Oct-15,7.99,8.08,7.81,7.95,42306400
15-Oct-15,8.00,8.07,7.67,8.00,61199600
14-Oct-15,8.07,8.23,7.89,7.96,75127600
13-Oct-15,8.36,8.47,8.07,8.13,55653700
9-Oct-15,9.02,9.07,8.58,8.80,71334300
8-Oct-15,8.46,8.84,8.28,8.75,68408800
7-Oct-15,8.51,8.90,8.27,8.47,116136900
6-Oct-15,7.86,8.34,7.84,8.19,80737200
5-Oct-15,7.90,8.14,7.75,7.82,67866800
2-Oct-15,6.99,7.83,6.90,7.77,88342300
1-Oct-15,7.31,7.46,6.99,7.02,68706100
30-Sep-15,7.25,7.26,6.97,7.24,107245600
29-Sep-15,6.54,6.79,6.50,6.59,52008300
28-Sep-15,6.74,6.75,6.44,6.44,36736900
25-Sep-15,7.12,7.22,6.77,6.82,44328500
24-Sep-15,6.61,7.14,6.60,6.96,56330000
23-Sep-15,6.96,7.16,6.70,6.82,64104500
22-Sep-15,7.24,7.24,6.81,6.97,65995200
21-Sep-15,7.66,7.68,7.30,7.30,40258500
18-Sep-15,7.75,7.76,7.50,7.60,64692800
17-Sep-15,8.05,8.11,7.86,7.86,72299900
16-Sep-15,7.77,8.24,7.74,8.14,66312300
15-Sep-15,7.65,7.87,7.54,7.65,34834200
14-Sep-15,7.70,7.82,7.46,7.72,51926000
11-Sep-15,7.94,7.99,7.59,7.66,53101600
10-Sep-15,7.90,8.15,7.81,7.97,62304200
9-Sep-15,8.81,8.90,8.36,8.39,38169000
8-Sep-15,8.70,8.79,8.58,8.64,29120200
4-Sep-15,8.60,8.76,8.51,8.51,35026000
3-Sep-15,8.93,9.21,8.54,8.76,56163100
2-Sep-15,8.75,8.84,8.33,8.82,55753700
1-Sep-15,8.75,9.09,8.54,8.59,52196900
31-Aug-15,8.71,9.29,8.52,9.19,74706800
28-Aug-15,8.67,9.39,8.61,9.00,72736400
27-Aug-15,8.25,8.89,8.23,8.89,65556900
26-Aug-15,8.07,8.13,7.85,8.11,43449000
25-Aug-15,8.10,8.23,7.88,7.90,57315200
24-Aug-15,7.76,8.17,7.53,7.76,70216900
21-Aug-15,8.60,8.64,8.30,8.30,38806400
20-Aug-15,8.64,8.96,8.56,8.73,37902800
19-Aug-15,8.95,9.05,8.63,8.79,35887500
18-Aug-15,9.06,9.20,8.82,9.00,37192600
17-Aug-15,9.20,9.36,9.12,9.12,32542400
14-Aug-15,9.61,9.68,9.30,9.30,27670400
13-Aug-15,9.91,9.97,9.51,9.51,30273600
12-Aug-15,9.80,10.01,9.67,9.88,38929700
11-Aug-15,9.79,9.86,9.47,9.83,43658300
10-Aug-15,9.81,10.03,9.57,9.95,49636500
7-Aug-15,10.25,10.55,9.69,9.69,64308000
6-Aug-15,9.86,10.39,9.74,10.32,59238800
5-Aug-15,10.41,10.55,10.01,10.01,43189200
4-Aug-15,10.14,10.45,10.10,10.18,30307300
3-Aug-15,10.36,10.41,9.95,10.02,40026400
31-Jul-15,10.48,10.70,10.32,10.50,36465800
30-Jul-15,10.83,10.93,10.24,10.47,46826700
29-Jul-15,10.01,10.72,9.91,10.72,85273300
28-Jul-15,9.69,10.22,9.61,9.97,70355700
27-Jul-15,9.96,9.99,9.51,9.51,51914300
24-Jul-15,10.17,10.23,9.76,10.04,44255500
23-Jul-15,10.22,10.56,10.12,10.17,49257100
22-Jul-15,10.61,10.72,10.33,10.36,29222800
21-Jul-15,10.91,11.24,10.60,10.77,38532800
20-Jul-15,11.46,11.54,10.75,10.79,48371800
17-Jul-15,11.82,11.90,11.39,11.40,38579800
16-Jul-15,11.89,11.99,11.82,11.92,24807700
15-Jul-15,11.96,12.06,11.72,11.80,32258100
14-Jul-15,11.69,12.08,11.58,12.00,36049300
13-Jul-15,11.87,11.93,11.58,11.82,25940700
10-Jul-15,11.90,11.98,11.75,11.79,30008800
8-Jul-15,11.62,11.99,11.33,11.55,42492400
7-Jul-15,11.36,11.81,10.91,11.78,70638500
6-Jul-15,11.51,11.73,11.28,11.48,49995200
3-Jul-15,12.25,12.31,11.68,11.73,31002900
2-Jul-15,12.35,12.53,12.16,12.30,36283000
1-Jul-15,12.80,12.85,12.01,12.18,60926400
30-Jun-15,12.90,12.99,12.65,12.71,31922400
29-Jun-15,13.00,13.59,12.62,12.75,61627000
26-Jun-15,12.66,13.21,12.64,13.21,34364400
25-Jun-15,13.23,13.24,12.52,12.60,48038600
24-Jun-15,13.06,13.35,13.05,13.20,39045500
23-Jun-15,13.27,13.43,12.95,12.97,47680600
22-Jun-15,13.30,13.37,13.13,13.20,22166600
19-Jun-15,13.31,13.44,13.10,13.17,34593300
18-Jun-15,13.28,13.44,13.15,13.44,26190600
17-Jun-15,13.50,13.59,13.12,13.19,39979700
16-Jun-15,13.04,13.48,12.91,13.35,48325600
15-Jun-15,12.97,13.09,12.90,12.99,30893600
12-Jun-15,12.86,13.04,12.83,13.02,29846800
11-Jun-15,13.13,13.14,12.85,13.05,34581800
10-Jun-15,13.30,13.44,12.92,13.05,44421300
9-Jun-15,12.61,13.17,12.57,12.97,43620800
8-Jun-15,12.61,12.77,12.47,12.57,23514200
5-Jun-15,12.58,12.78,12.42,12.56,36024200
3-Jun-15,12.96,13.10,12.72,12.83,48703400
2-Jun-15,12.55,12.95,12.47,12.84,45754100
1-Jun-15,12.43,12.65,12.25,12.37,39483500
29-May-15,12.71,12.78,12.33,12.33,72120400
28-May-15,12.47,12.82,12.40,12.67,57946600
27-May-15,12.50,12.66,12.29,12.55,46163900
26-May-15,12.80,12.86,12.39,12.39,43605600
25-May-15,12.98,13.01,12.72,12.80,22651000
22-May-15,13.52,13.65,12.92,13.08,52584300
21-May-15,12.86,13.52,12.86,13.45,52042800
20-May-15,12.76,13.12,12.63,12.89,42290300
19-May-15,13.55,13.59,12.79,12.91,68709300
18-May-15,14.64,14.65,13.52,13.78,79470800
15-May-15,13.92,14.12,13.61,14.06,53102700
14-May-15,14.10,14.23,13.76,13.89,47904000
13-May-15,13.87,14.13,13.75,13.97,44239500
12-May-15,13.70,14.06,13.63,13.79,30150600
11-May-15,13.68,13.83,13.43,13.72,27378400
8-May-15,14.04,14.09,13.36,13.52,42156300
7-May-15,13.80,14.05,13.33,13.70,44069900
6-May-15,14.75,14.95,13.57,13.64,70112000
5-May-15,13.70,14.61,13.67,14.38,73610100
4-May-15,13.31,13.85,13.30,13.80,54507700
30-Apr-15,12.83,13.15,12.80,13.05,47568600
29-Apr-15,12.58,12.93,12.53,12.82,35564900
28-Apr-15,12.76,12.87,12.25,12.78,59557200
27-Apr-15,12.95,13.12,12.57,12.58,51234800
24-Apr-15,13.19,13.78,13.18,13.26,104306200
23-Apr-15,12.30,13.26,11.89,12.92,178864400
22-Apr-15,13.19,13.29,12.66,13.12,64691900
20-Apr-15,13.23,13.38,13.02,13.09,51341300
17-Apr-15,12.61,13.24,12.52,13.01,69585900
16-Apr-15,13.25,13.33,12.52,12.93,107243800
15-Apr-15,12.70,13.38,12.47,13.33,101210500
14-Apr-15,12.67,12.74,11.97,12.49,86147900
13-Apr-15,11.97,12.75,11.90,12.27,104456200
10-Apr-15,11.52,11.93,11.27,11.82,68744400
9-Apr-15,10.70,11.57,10.58,11.56,77887200
8-Apr-15,11.10,11.33,10.49,10.60,72014500
7-Apr-15,10.60,10.96,10.46,10.89,59767800
6-Apr-15,10.80,10.99,10.69,10.69,44406100
2-Apr-15,10.17,10.72,10.17,10.72,67619000
1-Apr-15,9.93,10.37,9.87,10.21,57954400
31-Mar-15,9.58,9.92,9.47,9.73,45615500
30-Mar-15,9.50,9.75,9.42,9.72,32763400
27-Mar-15,9.30,9.61,9.17,9.38,50385200
26-Mar-15,9.92,9.96,9.32,9.35,58417300
25-Mar-15,9.65,9.89,9.53,9.84,82580100
24-Mar-15,9.37,9.45,9.22,9.39,34864200
23-Mar-15,9.30,9.44,9.20,9.35,33223300
20-Mar-15,9.08,9.35,8.96,9.35,57723600
19-Mar-15,9.18,9.23,8.85,8.90,42645800
18-Mar-15,8.85,9.29,8.67,9.27,64156900
17-Mar-15,8.35,8.93,8.32,8.89,62552400
16-Mar-15,8.49,8.50,8.19,8.46,52641900
13-Mar-15,8.25,8.39,8.16,8.30,71542700
12-Mar-15,8.97,9.08,8.44,8.50,61447300
11-Mar-15,8.67,8.83,8.58,8.79,43213400
10-Mar-15,8.83,8.98,8.51,8.55,70660700
9-Mar-15,9.13,9.18,8.90,8.91,35210200
6-Mar-15,9.20,9.35,9.17,9.24,26417400
5-Mar-15,9.31,9.38,9.16,9.28,25866300
4-Mar-15,9.41,9.45,9.21,9.21,47049400
3-Mar-15,9.69,9.80,9.52,9.60,41573700
2-Mar-15,9.44,9.71,9.27,9.40,36894200
27-Feb-15,9.30,9.64,9.10,9.57,45043200
26-Feb-15,9.40,9.52,9.16,9.27,42277800
25-Feb-15,9.10,9.39,9.00,9.38,94666600
24-Feb-15,9.65,9.89,9.59,9.86,46963000
23-Feb-15,9.55,9.59,9.39,9.49,40175300
20-Feb-15,9.82,9.90,9.53,9.67,34539000
19-Feb-15,9.96,9.97,9.65,9.75,37715100
18-Feb-15,10.16,10.34,10.04,10.12,41689000
13-Feb-15,9.68,10.10,9.66,9.99,70356000
12-Feb-15,9.35,9.54,9.27,9.50,60640400
11-Feb-15,8.94,9.19,8.81,9.03,47372800
10-Feb-15,9.22,9.80,8.92,8.92,73192900
9-Feb-15,8.80,9.47,8.72,9.28,70531500
6-Feb-15,9.80,9.81,8.87,9.12,115068800
5-Feb-15,9.86,10.29,9.70,9.80,76640500
4-Feb-15,10.30,10.78,9.56,10.02,116651900
3-Feb-15,9.01,10.00,9.01,10.00,94935000
2-Feb-15,8.46,8.68,8.13,8.66,55640200
30-Jan-15,8.20,8.34,8.08,8.18,84769600
29-Jan-15,9.05,9.08,8.34,8.75,109784800
28-Jan-15,9.43,9.54,8.95,9.03,103845700
27-Jan-15,9.72,10.37,9.53,10.17,58096700
26-Jan-15,9.79,9.97,9.66,9.91,32151700
23-Jan-15,10.11,10.41,9.88,10.00,43091500
22-Jan-15,10.10,10.46,9.97,10.25,73301800
21-Jan-15,9.45,9.83,9.32,9.82,47111300
20-Jan-15,9.60,9.85,9.15,9.32,71447300
19-Jan-15,9.35,9.54,9.15,9.19,30267600
16-Jan-15,9.46,9.63,9.24,9.44,56271000
15-Jan-15,9.00,9.39,8.87,9.34,80130800
14-Jan-15,8.88,8.96,8.64,8.74,52043300
13-Jan-15,8.90,9.39,8.85,9.00,62145000
12-Jan-15,9.27,9.58,8.79,8.91,57093700
9-Jan-15,9.20,9.40,8.93,9.40,49067100
8-Jan-15,8.79,9.39,8.74,9.18,81986600
7-Jan-15,8.56,8.73,8.36,8.67,83759700
6-Jan-15,8.71,8.83,8.04,8.33,81380800
5-Jan-15,9.14,9.19,8.58,8.61,73379000
2-Jan-15,9.99,9.99,9.36,9.36,48211700
30-Dec-14,10.16,10.35,10.02,10.02,26845700
29-Dec-14,10.15,10.54,10.06,10.28,24242800
26-Dec-14,10.87,10.88,10.21,10.30,26599300
23-Dec-14,10.37,10.99,10.19,10.97,43552900
22-Dec-14,9.90,10.32,9.71,10.32,52223000
19-Dec-14,9.95,9.98,9.57,9.83,63378100
18-Dec-14,9.89,10.35,9.38,9.46,86213300
17-Dec-14,9.50,9.86,9.37,9.66,88882800
16-Dec-14,8.60,9.92,8.56,9.38,89445400
15-Dec-14,10.21,10.29,9.18,9.18,97199500
12-Dec-14,10.65,10.69,10.11,10.11,44065100
11-Dec-14,10.90,11.04,10.32,10.82,62558600
10-Dec-14,11.35,11.36,10.82,10.83,49424400
9-Dec-14,11.10,11.39,10.81,11.36,67177600
8-Dec-14,12.15,12.15,11.41,11.50,42799300
5-Dec-14,12.32,12.37,12.05,12.26,29359000
4-Dec-14,12.79,12.79,12.17,12.23,35493400
3-Dec-14,12.26,12.80,12.21,12.73,38723400
2-Dec-14,12.46,12.56,12.09,12.13,38897100
1-Dec-14,12.61,12.69,12.21,12.32,55374300
28-Nov-14,13.45,13.56,12.80,12.80,45586200
27-Nov-14,14.20,14.62,13.33,13.44,54167400
26-Nov-14,14.44,14.53,13.96,14.10,34618800
25-Nov-14,14.44,14.93,13.85,14.15,81092800
24-Nov-14,14.62,15.26,14.10,14.21,69839200
21-Nov-14,13.01,14.31,13.01,14.30,64769900
19-Nov-14,12.40,12.97,12.31,12.78,48030200
18-Nov-14,12.76,12.85,12.00,12.45,60206800
17-Nov-14,13.07,13.25,12.52,12.60,46742600
14-Nov-14,12.90,13.33,12.85,13.20,52286300
13-Nov-14,14.32,14.37,13.60,13.60,35203100
12-Nov-14,13.97,14.49,13.83,14.11,30343800
11-Nov-14,13.81,14.00,13.67,14.00,23737000
10-Nov-14,14.30,14.37,13.92,13.98,35084000
7-Nov-14,14.25,14.63,13.52,14.27,77068100
6-Nov-14,14.28,14.28,13.78,14.06,53978700
5-Nov-14,14.50,14.62,14.33,14.40,36651700
4-Nov-14,15.00,15.03,14.37,14.82,44556400
3-Nov-14,14.96,15.10,14.55,14.85,43365400
31-Oct-14,14.58,15.28,14.37,15.28,47084300
30-Oct-14,14.60,14.69,14.01,14.32,74156600
29-Oct-14,14.77,14.79,14.01,14.02,88043200
28-Oct-14,14.90,15.08,14.63,15.03,94495500
27-Oct-14,14.00,14.59,13.76,14.29,213641000
24-Oct-14,15.80,16.89,15.52,16.30,99131100
23-Oct-14,16.37,16.45,15.41,15.41,108282300
22-Oct-14,16.81,17.25,16.38,16.61,61419900
21-Oct-14,16.74,17.35,16.40,16.68,103807800
20-Oct-14,18.92,18.99,17.87,17.92,69946000
17-Oct-14,19.37,19.53,18.65,19.09,68584500
16-Oct-14,19.01,19.50,18.65,18.65,96395700
15-Oct-14,20.60,20.88,19.62,20.15,119748000
14-Oct-14,21.82,22.53,21.40,21.65,80120700
13-Oct-14,21.36,22.42,21.11,22.13,84607600
10-Oct-14,20.90,21.14,20.02,20.02,64434800
9-Oct-14,21.29,21.90,21.20,21.20,81801400
8-Oct-14,21.80,21.85,20.01,20.85,103506300
7-Oct-14,20.85,21.79,20.64,21.21,86980500
6-Oct-14,21.50,21.50,20.09,20.39,114127500
3-Oct-14,17.60,18.52,17.24,18.35,61491100
2-Oct-14,17.40,17.72,16.86,17.30,65045700
1-Oct-14,17.70,17.86,17.09,17.09,78762600
30-Sep-14,18.49,18.65,17.75,18.09,81439400
29-Sep-14,19.02,19.25,18.60,18.60,93835200
26-Sep-14,19.90,21.24,19.80,20.94,42969500
25-Sep-14,20.29,20.40,19.84,19.84,25969000
24-Sep-14,19.95,20.61,19.84,20.23,38084200
23-Sep-14,20.10,21.00,19.90,20.13,54470400
22-Sep-14,20.45,20.59,19.68,20.59,66247800
19-Sep-14,21.00,21.38,20.69,20.91,36627700
18-Sep-14,21.85,22.12,21.18,21.29,56943600
17-Sep-14,22.33,22.53,21.86,22.12,54077200
16-Sep-14,20.76,22.38,20.70,21.55,99040600
15-Sep-14,20.25,20.66,20.06,20.55,52924300
12-Sep-14,20.87,21.00,19.85,20.14,81862500
11-Sep-14,21.18,21.73,21.00,21.21,51313000
10-Sep-14,21.16,21.48,20.60,20.95,61254800
9-Sep-14,21.51,22.19,21.12,21.48,71509800
8-Sep-14,23.42,23.68,21.70,21.70,79341800
5-Sep-14,22.75,23.30,22.43,22.82,53398200
4-Sep-14,23.09,24.00,22.79,22.79,66657600
3-Sep-14,24.84,24.88,23.60,23.95,59711400
2-Sep-14,24.00,24.90,23.40,24.56,67538600
1-Sep-14,23.95,24.59,23.81,23.83,39473200
29-Aug-14,23.15,23.59,22.60,23.35,56334500
28-Aug-14,22.69,23.33,22.55,22.80,57541100
27-Aug-14,22.15,23.21,21.90,22.84,72858000
26-Aug-14,22.03,22.52,21.78,21.84,51742700
25-Aug-14,21.22,22.05,21.12,22.04,44980000
22-Aug-14,21.14,21.32,20.73,20.92,34134000
21-Aug-14,21.25,21.67,21.07,21.30,40474800
20-Aug-14,20.80,21.49,20.71,21.36,54219600
19-Aug-14,20.21,20.99,20.17,20.91,42769500
18-Aug-14,20.55,20.73,19.82,20.40,66636100
15-Aug-14,18.90,20.10,18.90,20.06,62669900
14-Aug-14,18.68,19.05,18.33,18.60,45097100
13-Aug-14,19.75,19.93,18.50,18.69,99806900
12-Aug-14,20.09,20.29,19.57,19.67,30341100
11-Aug-14,19.37,20.20,19.22,20.14,35502300
8-Aug-14,19.80,19.86,19.31,19.31,41684500
7-Aug-14,20.60,20.69,19.88,20.15,53983000
6-Aug-14,19.84,20.54,19.67,20.31,72773300
5-Aug-14,19.46,20.09,19.30,19.70,53554500
4-Aug-14,19.15,19.45,18.87,19.45,22189000
1-Aug-14,19.01,19.21,18.72,19.01,30415700
31-Jul-14,19.60,19.65,19.01,19.10,36309900
30-Jul-14,19.70,20.05,19.63,19.85,27952400
29-Jul-14,20.10,20.12,19.57,19.62,37949900
28-Jul-14,20.57,20.60,20.09,20.15,24361700
25-Jul-14,20.41,20.57,20.28,20.49,24936500
24-Jul-14,20.36,20.44,19.95,20.31,37578900
23-Jul-14,20.56,20.74,20.17,20.26,42867200
22-Jul-14,20.90,21.23,20.56,21.05,62291800
21-Jul-14,20.43,21.02,20.26,20.90,44410700
18-Jul-14,20.81,20.87,20.15,20.52,90236400
17-Jul-14,19.20,19.92,19.12,19.56,57101200
16-Jul-14,19.35,19.39,19.08,19.31,27419600
15-Jul-14,19.10,19.37,18.83,19.26,43330400
14-Jul-14,18.48,19.18,18.42,19.10,70222700
11-Jul-14,18.07,18.32,17.80,18.28,20727800
10-Jul-14,17.78,18.17,17.62,18.11,35823600
8-Jul-14,17.36,17.42,17.17,17.33,11504900
7-Jul-14,17.41,17.44,17.14,17.28,18610500
4-Jul-14,17.43,17.55,17.35,17.50,9431900
3-Jul-14,16.90,17.50,16.85,17.50,26374700
2-Jul-14,17.19,17.33,16.97,17.12,28512800
1-Jul-14,17.35,17.45,16.92,17.19,22773700
30-Jun-14,17.36,17.55,17.04,17.29,20855400
27-Jun-14,17.25,17.39,17.10,17.20,16548800
26-Jun-14,17.47,17.57,17.01,17.32,23117400
25-Jun-14,17.20,17.77,17.13,17.29,48188800
24-Jun-14,18.29,18.89,17.49,17.64,53702700
23-Jun-14,18.75,18.75,18.30,18.30,14243200
20-Jun-14,18.65,18.99,18.58,18.70,22400200
18-Jun-14,18.41,19.03,18.25,19.00,42933700
17-Jun-14,18.65,18.68,18.20,18.32,18040600
16-Jun-14,19.00,19.13,18.64,18.74,30795300
13-Jun-14,18.63,19.07,18.61,18.99,27828700
11-Jun-14,18.70,18.96,18.30,18.88,48174200
10-Jun-14,18.04,18.35,17.81,18.34,34578100
9-Jun-14,17.57,18.24,17.38,18.07,47099600
6-Jun-14,17.38,17.68,17.11,17.68,54862000
5-Jun-14,16.71,16.83,16.29,16.32,23227300
4-Jun-14,16.85,16.93,16.52,16.60,20676500
3-Jun-14,16.53,16.96,16.47,16.90,20533700
2-Jun-14,16.80,16.87,16.38,16.60,26069600
30-May-14,17.18,17.25,16.69,16.69,25523000
29-May-14,17.75,17.80,17.30,17.30,19445800
28-May-14,17.55,17.79,17.26,17.70,22325200
27-May-14,17.93,18.03,17.41,17.49,22468300
26-May-14,17.80,17.90,17.71,17.86,7345500
23-May-14,17.58,17.83,17.55,17.70,18093500
22-May-14,17.51,17.77,17.34,17.65,32146900
21-May-14,17.46,17.82,17.10,17.46,40559500
20-May-14,17.90,18.38,17.10,17.30,54255300
19-May-14,17.98,18.04,17.82,17.94,25723000
16-May-14,18.00,18.37,17.91,18.05,26071200
15-May-14,18.17,18.23,17.93,18.03,20330400
14-May-14,17.96,18.34,17.85,18.29,23336200
13-May-14,18.00,18.40,17.86,17.96,27290600
12-May-14,17.95,18.10,17.77,18.03,20554400
9-May-14,18.05,18.24,17.60,17.67,34257800
8-May-14,18.60,18.80,17.75,17.88,53344100
7-May-14,18.14,18.85,18.07,18.58,44090300
6-May-14,17.43,18.48,17.31,18.24,47870400
5-May-14,17.65,17.77,17.31,17.57,35407400
2-May-14,16.55,17.60,16.51,17.60,52100500
30-Apr-14,16.60,16.74,16.39,16.57,26990300
29-Apr-14,16.68,17.10,16.51,16.69,41891100
28-Apr-14,15.95,16.56,15.77,16.56,31585100
25-Apr-14,15.95,16.06,15.65,16.03,31307500
24-Apr-14,16.20,16.33,15.87,16.13,30405000
23-Apr-14,15.97,16.07,15.75,16.03,22148300
22-Apr-14,16.31,16.67,15.84,15.96,44680200
17-Apr-14,15.90,16.60,15.54,16.38,44423400
16-Apr-14,15.59,15.78,15.24,15.78,28580200
15-Apr-14,15.76,16.09,15.13,15.32,35723100
14-Apr-14,16.28,16.36,15.83,15.93,26701100
11-Apr-14,15.53,16.19,15.41,16.19,42825800
10-Apr-14,15.66,16.05,15.55,15.68,27789300
9-Apr-14,15.91,15.94,15.42,15.85,41719200
8-Apr-14,16.80,17.07,15.72,15.99,69213300
7-Apr-14,15.70,16.46,15.70,16.46,50206600
4-Apr-14,15.62,15.71,15.35,15.44,32878200
3-Apr-14,15.53,15.65,15.12,15.40,56006700
2-Apr-14,15.71,16.60,15.70,16.56,65639600
1-Apr-14,15.72,15.83,15.48,15.81,35703800
31-Mar-14,15.71,15.78,15.50,15.78,28076300
28-Mar-14,15.57,15.77,15.20,15.66,42202400
27-Mar-14,14.39,15.57,14.32,15.57,77279000
26-Mar-14,14.55,14.69,14.35,14.40,29462600
25-Mar-14,14.26,14.60,14.13,14.48,40150800
24-Mar-14,14.17,14.43,13.87,14.40,34106800
21-Mar-14,13.45,14.15,13.45,14.02,48927500
20-Mar-14,13.23,14.04,13.16,13.99,57877600
19-Mar-14,12.95,13.53,12.93,13.34,51539600
18-Mar-14,12.64,13.05,12.57,12.97,44936200
17-Mar-14,12.88,12.96,12.57,12.57,39296900
14-Mar-14,13.08,13.12,12.77,12.78,34507400
13-Mar-14,13.39,13.48,13.06,13.11,22496500
12-Mar-14,13.11,13.46,13.08,13.32,42757300
11-Mar-14,13.06,13.17,12.96,13.11,37157800
10-Mar-14,13.27,13.37,12.90,13.01,39205500
7-Mar-14,13.43,13.62,13.21,13.32,32987700
6-Mar-14,13.42,13.72,13.31,13.43,28613100
5-Mar-14,13.70,13.73,13.29,13.29,14644900
28-Feb-14,14.10,14.15,13.59,13.59,27671000
27-Feb-14,13.82,14.09,13.65,14.04,23249100
26-Feb-14,14.20,14.25,13.68,13.68,44499100
25-Feb-14,14.45,14.67,14.12,14.18,35483800
24-Feb-14,14.11,14.57,14.01,14.50,20869400
21-Feb-14,14.20,14.32,14.07,14.15,18578600
20-Feb-14,14.06,14.34,13.98,14.16,23904700
19-Feb-14,14.02,14.20,13.88,14.20,28137400
18-Feb-14,14.42,14.58,14.11,14.11,30703200
17-Feb-14,14.65,14.70,14.33,14.43,12592700
14-Feb-14,14.71,14.71,14.47,14.58,26187900
13-Feb-14,14.78,14.83,14.44,14.61,27734600
12-Feb-14,15.08,15.10,14.85,14.96,23122000
11-Feb-14,14.71,15.07,14.64,14.96,28798500
10-Feb-14,14.36,14.70,14.33,14.61,28697400
7-Feb-14,14.27,14.55,14.16,14.45,33879300
6-Feb-14,13.94,14.36,13.88,14.21,31670700
5-Feb-14,14.15,14.28,13.56,13.83,38798000
4-Feb-14,14.04,14.22,13.77,14.09,35916200
3-Feb-14,14.59,14.63,13.84,13.85,50958800
31-Jan-14,14.64,15.07,14.55,14.70,48579400
30-Jan-14,14.88,15.10,14.63,14.70,25259300
29-Jan-14,15.06,15.14,14.77,14.80,24949100
28-Jan-14,15.36,15.44,15.02,15.05,21999800
27-Jan-14,15.21,15.29,15.04,15.11,20510700
24-Jan-14,15.38,15.44,14.98,15.10,27702300
23-Jan-14,15.67,15.91,15.47,15.47,23892300
22-Jan-14,15.42,15.87,15.27,15.84,44039500
21-Jan-14,15.22,15.50,15.20,15.34,19832600
20-Jan-14,15.45,15.61,15.15,15.18,17587800
17-Jan-14,15.72,15.77,15.45,15.51,22461300
16-Jan-14,16.04,16.19,15.57,15.59,32579400
15-Jan-14,15.79,16.15,15.69,16.04,25483600
14-Jan-14,15.71,15.87,15.62,15.70,16146800
13-Jan-14,16.01,16.11,15.66,15.77,21191900
10-Jan-14,15.76,16.30,15.66,15.97,29959900
9-Jan-14,16.19,16.29,15.65,15.70,25579200
8-Jan-14,16.27,16.39,16.15,16.19,15558400
7-Jan-14,16.65,16.83,16.16,16.16,18785300
6-Jan-14,16.45,16.64,16.16,16.62,20474600
3-Jan-14,16.74,16.78,16.42,16.42,17598400
2-Jan-14,17.15,17.20,16.65,16.75,17111300
30-Dec-13,16.95,17.25,16.95,17.08,10501500
27-Dec-13,17.00,17.02,16.82,16.93,14975500
26-Dec-13,17.15,17.19,16.89,16.92,15111500
23-Dec-13,17.02,17.17,16.87,17.06,11473400
20-Dec-13,17.25,17.29,16.80,16.91,26503700
19-Dec-13,17.12,17.29,16.87,17.25,17608900
18-Dec-13,16.95,17.04,16.83,16.84,22078700
17-Dec-13,17.21,17.35,16.80,16.80,28603800
16-Dec-13,17.25,17.50,17.08,17.34,32273600
13-Dec-13,16.99,17.15,16.91,17.03,27412800
12-Dec-13,16.85,17.02,16.69,16.86,21789400
11-Dec-13,17.28,17.34,16.78,16.78,21214500
10-Dec-13,17.36,17.46,17.26,17.30,14475000
9-Dec-13,17.32,17.47,17.12,17.25,13566400
6-Dec-13,17.73,17.78,17.18,17.23,32235900
5-Dec-13,17.52,17.83,17.46,17.63,25200600
4-Dec-13,17.76,17.76,17.37,17.40,27165000
3-Dec-13,17.45,17.88,17.05,17.51,45412600
2-Dec-13,17.86,18.07,17.36,17.36,77915700
29-Nov-13,18.89,19.39,18.77,19.12,37681000
28-Nov-13,18.95,19.22,18.55,18.66,28703900
27-Nov-13,19.21,19.36,18.81,18.97,28959500
26-Nov-13,19.90,20.04,19.08,19.08,38089400
25-Nov-13,20.83,20.95,20.36,20.36,16958000
22-Nov-13,20.75,21.20,20.67,20.67,23634100
21-Nov-13,20.50,21.13,20.39,20.90,35712500
19-Nov-13,21.30,21.37,20.86,21.11,42328900
18-Nov-13,20.50,21.44,20.46,21.44,44800900
14-Nov-13,20.00,20.49,19.96,20.45,24503700
13-Nov-13,19.55,19.99,19.25,19.94,31066500
12-Nov-13,20.06,20.25,19.53,19.55,24210900
11-Nov-13,19.66,20.09,19.50,20.09,22063500
8-Nov-13,19.95,20.07,19.60,19.64,28146800
7-Nov-13,20.27,20.63,19.95,20.00,20787500
6-Nov-13,20.29,20.41,20.08,20.41,21729500
5-Nov-13,20.29,20.41,20.05,20.25,29541300
4-Nov-13,19.99,20.28,19.95,20.22,20418700
1-Nov-13,20.12,20.35,19.82,19.86,43280800
31-Oct-13,19.96,20.56,19.85,20.43,41483800
30-Oct-13,19.83,20.00,19.16,19.95,53392700
29-Oct-13,19.71,19.96,19.33,19.70,33147800
28-Oct-13,19.42,19.89,19.01,19.89,73139200
25-Oct-13,18.23,18.73,18.20,18.49,30113900
24-Oct-13,18.36,18.57,18.04,18.24,22425100
23-Oct-13,18.55,18.85,18.33,18.33,20974500
22-Oct-13,18.96,19.06,18.51,18.55,32601600
21-Oct-13,17.99,18.98,17.71,18.88,51475100
18-Oct-13,18.22,18.39,17.83,17.93,27937800
17-Oct-13,18.27,18.53,18.16,18.21,26857200
16-Oct-13,18.47,18.65,18.16,18.35,34934000
15-Oct-13,18.34,18.48,18.18,18.42,27175300
14-Oct-13,18.06,18.32,17.94,18.27,21458300
11-Oct-13,18.15,18.31,17.99,18.10,18704700
10-Oct-13,18.26,18.35,18.01,18.15,22710600
9-Oct-13,18.40,18.46,17.97,18.07,19426000
8-Oct-13,18.66,18.77,18.20,18.31,23302700
7-Oct-13,18.57,18.83,18.50,18.62,18426000
4-Oct-13,18.39,18.68,18.07,18.67,27895800
3-Oct-13,18.80,18.83,18.43,18.54,18418300
2-Oct-13,18.58,18.84,18.54,18.78,10824200
1-Oct-13,18.53,18.69,18.37,18.67,15432500
30-Sep-13,18.42,19.04,18.34,18.36,32154400
27-Sep-13,18.57,18.82,18.44,18.50,19003100
26-Sep-13,18.82,18.82,18.52,18.59,18063600
25-Sep-13,18.73,18.91,18.62,18.80,16929000
24-Sep-13,19.18,19.18,18.77,18.77,18906200
23-Sep-13,19.00,19.22,18.91,19.12,13887200
20-Sep-13,19.09,19.18,18.78,18.94,18884200
19-Sep-13,18.96,19.31,18.76,19.16,24398300
18-Sep-13,18.41,19.00,18.16,18.90,30877400
17-Sep-13,18.59,18.60,18.30,18.53,18895100
16-Sep-13,18.43,18.72,18.17,18.45,33752000
13-Sep-13,17.85,18.27,17.80,18.13,18317100
12-Sep-13,18.17,18.40,17.75,17.85,47824400
11-Sep-13,18.29,18.54,18.07,18.25,26868100
10-Sep-13,18.25,18.54,18.17,18.34,29008400
9-Sep-13,17.77,18.21,17.77,18.17,29761400
6-Sep-13,17.80,18.00,17.46,17.76,30791600
5-Sep-13,16.86,17.81,16.84,17.54,47899700
4-Sep-13,16.63,16.94,16.56,16.85,36890000
3-Sep-13,16.89,17.13,16.68,16.78,31414400
2-Sep-13,17.15,17.23,16.86,16.94,18898600
30-Aug-13,17.01,17.05,16.52,16.80,38481300
29-Aug-13,17.32,17.48,16.85,16.90,24069000
28-Aug-13,17.51,17.75,17.09,17.16,29908700
27-Aug-13,17.95,18.05,17.45,17.45,28866700
26-Aug-13,18.50,18.69,18.17,18.19,17870500
23-Aug-13,18.12,18.59,18.12,18.55,32462300
22-Aug-13,17.80,18.37,17.63,18.26,52569700
21-Aug-13,17.07,17.78,17.04,17.34,43209100
20-Aug-13,17.71,17.85,17.11,17.13,30240200
19-Aug-13,17.45,18.03,17.36,17.83,49761900
16-Aug-13,17.76,18.06,17.42,17.78,37507600
15-Aug-13,16.70,17.96,16.67,17.83,81028400
14-Aug-13,16.36,17.00,16.29,16.89,53845200
13-Aug-13,16.65,16.66,16.17,16.37,34895400
12-Aug-13,17.30,17.66,16.47,16.53,49768300
9-Aug-13,16.74,17.12,16.52,17.08,31754700
8-Aug-13,16.35,16.85,16.20,16.65,25756200
7-Aug-13,16.27,16.46,16.10,16.25,17566100
6-Aug-13,16.68,16.70,16.17,16.28,25386200
5-Aug-13,16.77,16.87,16.54,16.65,14852700
2-Aug-13,16.87,17.04,16.69,16.81,17586800
1-Aug-13,16.70,17.04,16.60,16.94,31680800
31-Jul-13,16.33,16.50,16.17,16.29,23432200
30-Jul-13,16.78,16.82,16.36,16.46,22316800
29-Jul-13,16.99,17.06,16.63,16.68,17588900
26-Jul-13,16.74,17.09,16.71,16.95,22288100
25-Jul-13,16.24,16.88,16.21,16.84,37105000
24-Jul-13,16.37,16.55,16.15,16.39,23715600
23-Jul-13,16.41,16.66,16.38,16.41,25197900
22-Jul-13,15.97,16.49,15.90,16.30,25373800
19-Jul-13,16.07,16.10,15.85,15.88,18497500
18-Jul-13,16.00,16.29,15.91,16.10,23127000
17-Jul-13,15.91,16.20,15.87,16.06,29188400
16-Jul-13,15.64,15.79,15.47,15.75,20798600
15-Jul-13,15.45,15.69,15.35,15.54,20158900
12-Jul-13,15.66,15.92,15.43,15.43,23452800
11-Jul-13,15.52,15.82,15.25,15.80,33936800
10-Jul-13,15.18,15.44,15.06,15.21,20749800
8-Jul-13,15.20,15.35,14.97,14.98,22267400
5-Jul-13,15.81,15.82,14.94,15.15,48835100
4-Jul-13,16.10,16.17,15.88,15.96,23767300
3-Jul-13,15.24,15.98,15.15,15.90,49953600
2-Jul-13,16.05,16.25,15.11,15.39,55702400
1-Jul-13,16.20,16.32,15.94,16.16,22689900
28-Jun-13,16.35,16.35,15.94,16.18,33927200
27-Jun-13,16.22,16.47,16.17,16.38,26097800
26-Jun-13,16.14,16.44,16.08,16.15,29741600
25-Jun-13,16.10,16.39,15.87,16.00,31475100
24-Jun-13,15.97,16.25,15.57,15.91,40239400
21-Jun-13,16.93,16.93,16.46,16.46,41923900
20-Jun-13,16.90,17.27,16.50,17.02,63640600
19-Jun-13,17.89,17.95,17.15,17.20,38892100
18-Jun-13,17.95,18.08,17.62,17.83,31666300
17-Jun-13,18.45,18.53,18.02,18.09,24712600
14-Jun-13,18.65,18.86,18.06,18.06,37755200
13-Jun-13,18.10,19.02,17.94,18.80,31199900
12-Jun-13,18.67,18.80,18.06,18.12,37133900
11-Jun-13,18.65,18.79,18.23,18.53,32010200
10-Jun-13,18.84,19.12,18.83,18.88,20052400
7-Jun-13,18.95,19.27,18.72,18.84,38452400
6-Jun-13,19.46,19.55,19.21,19.46,26838600
5-Jun-13,20.00,20.13,19.37,19.42,32080900
4-Jun-13,20.46,20.47,19.96,20.07,24314600
3-Jun-13,20.11,20.44,19.94,20.29,30584700
31-May-13,19.87,20.36,19.80,20.05,35131800
29-May-13,19.92,20.07,19.85,19.85,24661600
28-May-13,20.16,20.34,20.01,20.07,27659400
27-May-13,20.01,20.15,19.94,19.94,5776800
24-May-13,19.89,20.16,19.79,20.05,36977000
23-May-13,19.55,19.86,19.48,19.86,33256200
22-May-13,20.27,20.40,19.68,19.92,34904100
21-May-13,20.19,20.38,19.98,20.24,23358600
20-May-13,19.90,20.25,19.56,20.20,30387900
17-May-13,19.91,20.05,19.79,19.95,19000200
16-May-13,19.52,20.08,19.46,19.75,25010900
15-May-13,19.50,19.64,19.33,19.57,21753400
14-May-13,19.53,19.68,19.25,19.55,30569000
13-May-13,19.81,19.85,19.39,19.39,21227300
10-May-13,20.16,20.39,19.71,19.95,21945100
9-May-13,20.25,20.52,20.09,20.24,22799800
8-May-13,20.75,20.82,20.22,20.29,24352900
7-May-13,20.40,20.74,20.28,20.62,26294900
6-May-13,20.01,20.35,19.82,20.35,31084100
3-May-13,20.49,20.66,19.89,20.00,42862100
2-May-13,19.85,20.63,19.85,20.25,33647500
30-Apr-13,19.65,20.09,19.44,20.09,45825000
29-Apr-13,20.00,20.58,19.94,20.35,59440000
26-Apr-13,19.10,19.52,19.10,19.29,26533900
25-Apr-13,19.47,19.69,19.14,19.20,35118100
24-Apr-13,19.06,19.66,19.01,19.45,33207600
23-Apr-13,18.71,19.52,18.66,19.18,34670900
22-Apr-13,18.37,18.78,18.17,18.77,24107300
19-Apr-13,18.15,18.48,17.95,18.48,38077200
18-Apr-13,17.32,17.94,17.12,17.82,28390800
17-Apr-13,17.44,17.60,16.98,17.17,38953000
16-Apr-13,17.47,17.75,17.43,17.70,23613400
15-Apr-13,17.70,17.83,17.23,17.23,35536400
12-Apr-13,17.94,18.08,17.53,17.96,27359400
11-Apr-13,18.47,18.53,17.87,17.99,22123500
10-Apr-13,18.21,18.65,18.17,18.42,31630800
9-Apr-13,17.48,18.25,17.48,18.15,30669000
8-Apr-13,17.86,17.91,17.34,17.41,21753000
5-Apr-13,17.58,17.91,17.55,17.80,17020000
4-Apr-13,17.95,18.21,17.71,17.72,19386700
3-Apr-13,17.68,18.00,17.68,18.00,15584300
2-Apr-13,18.11,18.20,17.70,17.70,20399000
1-Apr-13,18.27,18.38,18.04,18.04,15483300
28-Mar-13,18.41,18.53,18.22,18.35,15646600
27-Mar-13,18.60,18.61,18.35,18.42,13170800
26-Mar-13,18.73,18.88,18.48,18.59,15693100
25-Mar-13,18.73,18.82,18.42,18.63,23985300
22-Mar-13,18.55,18.71,18.46,18.63,16092400
21-Mar-13,18.72,18.86,18.53,18.53,21769300
20-Mar-13,19.05,19.16,18.68,18.85,27579600
19-Mar-13,19.15,19.32,18.83,19.10,33741100
18-Mar-13,18.90,19.35,18.84,19.20,40223900
15-Mar-13,19.40,19.55,19.01,19.09,43316200
14-Mar-13,18.98,19.38,18.60,19.38,26897700
13-Mar-13,18.81,19.20,18.75,18.76,31559300
12-Mar-13,18.85,19.14,18.63,18.74,26094700
11-Mar-13,18.29,18.97,17.92,18.93,24802300
8-Mar-13,18.79,19.32,18.16,18.37,30485100
7-Mar-13,18.31,19.58,18.31,18.95,62313600
6-Mar-13,17.60,18.27,17.22,18.05,73795000
5-Mar-13,16.63,16.76,16.47,16.56,31499900
4-Mar-13,16.82,17.10,16.50,16.50,34947600
1-Mar-13,16.50,17.02,16.40,16.90,31359600
28-Feb-13,16.76,16.85,16.55,16.61,27495600
27-Feb-13,16.79,16.98,16.64,16.81,28494200
26-Feb-13,16.78,16.86,16.53,16.74,33228600
25-Feb-13,17.05,17.10,16.85,16.95,30181200
22-Feb-13,17.51,17.51,17.01,17.15,30686700
21-Feb-13,17.47,17.57,17.20,17.32,30119000
20-Feb-13,18.10,18.10,17.59,17.62,25794600
19-Feb-13,17.91,18.18,17.89,18.10,28320000
18-Feb-13,17.64,17.90,17.52,17.90,20088000
15-Feb-13,17.61,17.79,17.53,17.63,24694600
14-Feb-13,17.79,17.90,17.58,17.67,25683600
13-Feb-13,17.95,18.00,17.73,17.80,21987300
8-Feb-13,17.55,17.74,17.38,17.74,30634800
7-Feb-13,17.75,17.98,17.32,17.50,36508800
6-Feb-13,17.93,18.00,17.53,17.60,30565300
5-Feb-13,17.28,18.29,17.26,18.08,76983500
4-Feb-13,18.16,18.35,17.89,18.00,31819600
1-Feb-13,18.14,18.65,18.12,18.46,27871700
31-Jan-13,18.26,18.33,17.90,18.08,32743900
30-Jan-13,18.99,18.99,18.17,18.20,66357100
29-Jan-13,19.35,19.37,18.84,19.11,26795800
28-Jan-13,19.73,19.81,19.30,19.37,19905900
24-Jan-13,19.37,19.73,19.37,19.61,19201500
23-Jan-13,19.50,19.63,19.43,19.55,16915200
22-Jan-13,19.42,19.58,19.23,19.58,23379600
21-Jan-13,19.57,19.60,19.27,19.39,17818900
18-Jan-13,19.80,19.89,19.58,19.58,18423000
17-Jan-13,19.86,19.93,19.69,19.71,18867300
16-Jan-13,19.89,19.89,19.60,19.84,16410700
15-Jan-13,20.11,20.15,19.78,19.82,29457600
14-Jan-13,20.01,20.24,19.76,19.85,27389600
11-Jan-13,19.85,20.04,19.70,19.88,17783600
10-Jan-13,19.77,19.88,19.54,19.83,16844100
9-Jan-13,19.64,19.87,19.46,19.68,23995200
8-Jan-13,20.11,20.23,19.46,19.50,28465000
7-Jan-13,20.48,20.67,19.95,20.08,27848200
4-Jan-13,20.33,20.62,20.17,20.48,35992000
3-Jan-13,19.81,20.40,19.70,20.40,30283200
2-Jan-13,19.99,20.21,19.69,19.69,29842300
28-Dec-12,19.50,19.63,19.30,19.52,27975700
27-Dec-12,20.06,20.17,19.35,19.41,28779300
26-Dec-12,20.54,20.68,20.06,20.06,22662100
21-Dec-12,20.66,20.74,20.39,20.69,29221200
20-Dec-12,20.87,21.09,20.63,21.05,25235000
19-Dec-12,20.40,20.99,20.40,20.93,48168500
18-Dec-12,19.86,20.26,19.85,20.17,24468900
17-Dec-12,20.08,20.14,19.80,19.92,27026300
14-Dec-12,19.59,20.28,19.53,20.21,44404300
13-Dec-12,19.73,19.83,19.50,19.57,32335100
12-Dec-12,19.93,20.05,19.68,19.85,34315500
11-Dec-12,19.67,19.99,19.61,19.99,27189100
10-Dec-12,19.04,19.57,18.94,19.57,22778100
7-Dec-12,18.77,19.10,18.66,19.08,16639700
6-Dec-12,18.92,18.98,18.70,18.70,19309100
5-Dec-12,19.00,19.01,18.74,18.94,16531600
4-Dec-12,19.04,19.14,18.76,18.82,23849800
3-Dec-12,18.88,19.04,18.71,19.00,21007700
30-Nov-12,19.09,19.28,18.51,18.66,35842100
29-Nov-12,19.00,19.15,18.74,19.15,25743300
28-Nov-12,18.44,18.83,18.35,18.65,25118600
27-Nov-12,18.92,19.29,18.48,18.51,30811400
26-Nov-12,19.13,19.13,18.70,18.82,17626200
23-Nov-12,18.65,19.18,18.50,19.17,19156300
22-Nov-12,18.81,18.95,18.45,18.65,16508800
21-Nov-12,19.47,19.56,18.62,18.62,31607400
19-Nov-12,19.44,19.62,19.13,19.13,21443300
16-Nov-12,19.67,19.80,18.84,19.03,32782700
14-Nov-12,20.29,20.54,19.66,19.80,27823100
13-Nov-12,20.44,20.67,20.28,20.47,24882900
12-Nov-12,20.83,20.96,20.44,20.44,16562100
9-Nov-12,20.55,21.11,20.52,20.78,20267100
8-Nov-12,21.20,21.35,20.57,20.61,22522200
7-Nov-12,21.62,21.72,21.04,21.18,23139600
6-Nov-12,21.44,21.80,21.27,21.68,21146700
5-Nov-12,20.63,21.25,20.43,21.24,22310900
1-Nov-12,20.92,21.06,20.68,20.85,22117500
31-Oct-12,21.63,21.72,20.80,20.80,29371400
30-Oct-12,21.40,21.68,21.40,21.53,8371100
29-Oct-12,21.50,21.60,21.17,21.35,20147000
26-Oct-12,21.69,22.41,21.61,22.10,25265600
25-Oct-12,21.71,22.03,21.64,21.75,11479300
24-Oct-12,21.73,21.81,21.54,21.54,10713900
23-Oct-12,21.94,21.97,21.50,21.67,25781600
22-Oct-12,22.33,22.55,22.01,22.05,18691800
19-Oct-12,22.53,22.60,22.25,22.25,19889500
18-Oct-12,22.55,22.65,22.30,22.50,30231900
17-Oct-12,22.74,22.88,22.55,22.62,27042800
16-Oct-12,22.94,23.10,22.54,22.80,21557100
15-Oct-12,22.55,22.81,22.43,22.80,23080300
11-Oct-12,22.27,22.60,22.20,22.50,21974800
10-Oct-12,22.27,22.40,22.11,22.12,15902900
9-Oct-12,22.45,22.60,22.19,22.22,16947700
8-Oct-12,22.10,22.49,22.10,22.41,13203900
5-Oct-12,22.68,22.68,22.20,22.25,14597000
4-Oct-12,22.36,22.57,22.02,22.40,22324900
3-Oct-12,22.76,22.88,22.28,22.34,22469600
2-Oct-12,22.67,22.80,22.34,22.70,15631500
1-Oct-12,22.33,22.84,22.31,22.51,15561200
28-Sep-12,22.55,22.65,22.20,22.37,18606500
27-Sep-12,22.90,22.99,22.69,22.71,18188700
26-Sep-12,22.52,22.82,22.46,22.77,18567700
25-Sep-12,22.96,23.10,22.60,22.74,25065400
24-Sep-12,22.66,22.96,22.55,22.96,17883400
21-Sep-12,23.15,23.25,22.70,22.70,18664200
20-Sep-12,22.54,23.20,22.42,22.93,20989200
19-Sep-12,23.15,23.34,22.65,22.67,29299800
18-Sep-12,23.34,23.44,23.05,23.20,16636100
17-Sep-12,23.17,23.69,22.86,23.25,30305700
14-Sep-12,23.07,23.84,23.05,23.30,46359700
13-Sep-12,21.94,23.06,21.81,22.90,40030600
12-Sep-12,21.81,22.07,21.68,21.99,27378300
11-Sep-12,21.27,21.76,21.25,21.72,18894200
10-Sep-12,21.44,21.54,21.14,21.23,22808700
6-Sep-12,20.67,21.14,20.60,21.00,18648700
5-Sep-12,20.55,20.70,20.28,20.59,13312900
4-Sep-12,20.63,20.74,20.38,20.43,14057800
3-Sep-12,20.77,20.87,20.50,20.68,9996000
31-Aug-12,21.15,21.21,20.75,20.75,23844000
30-Aug-12,21.09,21.26,20.90,21.04,15313800
29-Aug-12,21.49,21.52,21.10,21.21,19172200
28-Aug-12,21.26,21.49,21.26,21.34,12377900
27-Aug-12,21.27,21.39,21.03,21.37,14650800
24-Aug-12,21.10,21.49,21.05,21.23,23253600
23-Aug-12,21.40,21.51,21.14,21.28,16991200
22-Aug-12,21.12,21.53,21.03,21.49,20990800
21-Aug-12,21.86,21.88,21.16,21.24,30201500
20-Aug-12,21.49,21.71,21.40,21.58,31674600
17-Aug-12,21.57,21.60,21.32,21.55,17505500
16-Aug-12,21.30,21.53,21.14,21.46,21812100
15-Aug-12,20.78,21.11,20.74,21.05,27591300
14-Aug-12,21.15,21.35,20.81,20.84,19888700
13-Aug-12,21.02,21.29,20.91,21.03,19562400
10-Aug-12,20.82,21.19,20.75,21.07,18871200
9-Aug-12,20.91,21.13,20.70,21.00,23850500
8-Aug-12,20.39,21.20,20.25,21.18,41018800
7-Aug-12,20.15,20.64,20.07,20.25,35894000
6-Aug-12,19.02,20.26,18.83,19.92,55497300
3-Aug-12,19.98,20.27,19.86,19.94,30632200
2-Aug-12,19.55,20.04,19.41,19.60,25195600
1-Aug-12,19.50,19.92,19.10,19.82,27655700
31-Jul-12,20.31,20.31,19.43,19.50,38115700
30-Jul-12,20.06,20.31,19.81,20.31,22857600
27-Jul-12,19.45,20.18,19.31,20.17,37700800
26-Jul-12,19.26,19.41,19.00,19.26,20628300
25-Jul-12,19.00,19.21,18.75,19.00,17749100
24-Jul-12,19.05,19.20,18.63,18.79,19547500
23-Jul-12,18.87,19.04,18.41,18.96,21365500
20-Jul-12,19.38,19.56,19.11,19.18,19025100
19-Jul-12,19.33,19.77,19.33,19.62,20781700
18-Jul-12,19.15,19.33,18.98,19.33,17088900
17-Jul-12,19.43,19.59,19.12,19.25,16602300
16-Jul-12,19.55,19.76,19.16,19.35,26639600
13-Jul-12,19.55,19.64,19.33,19.55,51591200
12-Jul-12,18.30,18.73,18.04,18.58,25942400
11-Jul-12,18.51,18.80,18.21,18.54,21738400
10-Jul-12,19.10,19.18,18.35,18.39,30813600
6-Jul-12,19.35,19.50,19.10,19.20,21172600
5-Jul-12,19.10,19.79,19.05,19.60,36200100
4-Jul-12,18.89,19.22,18.79,18.95,12131600
3-Jul-12,18.52,19.13,18.40,18.99,29500800
2-Jul-12,18.10,18.49,17.97,18.36,19563100
29-Jun-12,18.24,18.33,17.97,18.25,23170100
28-Jun-12,17.60,18.00,17.42,17.70,21382900
27-Jun-12,18.00,18.21,17.62,17.64,21017200
26-Jun-12,18.04,18.25,17.76,18.00,36988300
25-Jun-12,18.70,18.89,17.80,17.80,48881000
22-Jun-12,19.40,19.66,19.06,19.55,20613400
21-Jun-12,20.01,20.07,19.27,19.27,27366300
20-Jun-12,19.73,20.15,19.65,19.90,31166100
19-Jun-12,19.00,19.99,18.95,19.65,49228700
18-Jun-12,18.43,19.04,18.21,18.90,34168600
15-Jun-12,18.27,18.55,17.83,18.55,29177900
14-Jun-12,18.55,18.78,18.15,18.17,40873500
13-Jun-12,18.53,18.92,18.40,18.90,27915700
12-Jun-12,18.45,18.67,18.32,18.60,24582800
11-Jun-12,19.11,19.19,18.39,18.39,23041400
8-Jun-12,19.05,19.20,18.66,18.88,22183800
6-Jun-12,19.05,19.32,18.96,19.09,28549100
5-Jun-12,19.21,19.32,18.74,18.80,20669600
4-Jun-12,18.84,19.26,18.68,19.11,23318400
1-Jun-12,18.53,19.02,18.39,18.80,30593200
31-May-12,18.48,19.13,18.08,19.13,30378300
30-May-12,18.56,18.68,18.32,18.35,23451100
29-May-12,18.91,19.22,18.70,18.85,23202700
28-May-12,18.95,19.15,18.78,18.79,8969900
25-May-12,18.72,19.10,18.53,18.64,18736600
24-May-12,19.34,19.56,18.56,18.70,24654900
23-May-12,19.66,19.79,18.90,19.23,26282100
22-May-12,20.32,20.50,19.70,19.71,25626200
21-May-12,19.19,20.40,19.14,20.40,40294200
18-May-12,18.60,19.21,18.43,19.07,30827600
17-May-12,19.44,19.44,18.43,18.43,32448400
16-May-12,19.27,19.60,18.95,19.29,53547000
15-May-12,19.00,19.27,18.49,18.49,31489100
14-May-12,19.08,19.25,18.90,18.90,26088300
11-May-12,19.71,20.05,19.53,19.53,22530300
10-May-12,20.30,20.50,19.92,19.92,19204300
9-May-12,20.05,20.25,19.78,20.16,24590100
8-May-12,20.40,20.49,20.01,20.26,23394000
7-May-12,20.45,20.72,20.10,20.58,23267200
4-May-12,21.26,21.37,20.20,20.48,38730900
3-May-12,21.99,22.25,21.33,21.40,22513100
2-May-12,21.26,22.06,21.21,22.00,27344800
30-Apr-12,20.97,21.29,20.88,21.29,16055600
27-Apr-12,21.35,21.35,20.87,20.93,14715700
26-Apr-12,20.90,21.33,20.83,21.24,22473600
25-Apr-12,21.38,21.49,20.81,21.13,26492000
24-Apr-12,21.33,21.39,21.11,21.24,13605300
23-Apr-12,21.21,21.30,21.05,21.28,15441000
20-Apr-12,21.62,21.79,21.46,21.46,8618900
19-Apr-12,21.63,21.90,21.45,21.45,11639800
18-Apr-12,21.55,21.86,21.27,21.76,23211800
17-Apr-12,21.78,21.78,21.38,21.58,16335600
16-Apr-12,21.83,21.93,21.35,21.51,16176700
13-Apr-12,21.88,22.05,21.55,21.67,19471700
12-Apr-12,21.51,22.08,21.38,22.01,19275600
11-Apr-12,21.45,21.59,21.27,21.35,24648400
10-Apr-12,21.50,21.71,21.01,21.19,19490700
9-Apr-12,21.76,21.87,21.51,21.59,14373800
5-Apr-12,21.82,22.18,21.66,22.00,20141600
4-Apr-12,22.26,22.36,21.76,21.76,23945600
3-Apr-12,23.22,23.30,22.52,22.55,20784800
2-Apr-12,23.28,23.60,23.02,23.23,17972500
30-Mar-12,23.50,23.54,23.11,23.35,17685300
29-Mar-12,23.21,23.40,22.93,23.32,23508000
28-Mar-12,23.79,23.80,23.21,23.39,19702600
27-Mar-12,24.21,24.29,23.80,23.80,20580800
26-Mar-12,23.94,24.28,23.86,24.21,14783400
23-Mar-12,23.93,24.10,23.67,23.70,16054200
22-Mar-12,23.99,24.05,23.70,23.80,16571800
21-Mar-12,24.21,24.40,24.07,24.11,12415400
20-Mar-12,24.01,24.31,23.97,24.27,17585500
19-Mar-12,24.27,24.67,24.02,24.51,37560800
16-Mar-12,24.25,24.45,23.62,24.35,38690500
15-Mar-12,24.68,24.99,24.17,24.22,26540100
14-Mar-12,24.40,25.08,24.28,24.83,34767400
13-Mar-12,23.65,24.43,23.48,24.43,27072800
12-Mar-12,23.55,23.76,23.36,23.43,13888100
9-Mar-12,24.10,24.25,23.71,23.71,14887900
8-Mar-12,24.42,24.45,23.91,24.09,13840600
7-Mar-12,24.05,24.15,23.76,23.98,16294900
6-Mar-12,24.10,24.13,23.59,23.75,25256500
5-Mar-12,25.15,25.24,24.45,24.59,22770000
2-Mar-12,24.94,25.30,24.86,25.30,20122000
1-Mar-12,24.51,24.88,24.46,24.88,18627700
29-Feb-12,24.50,24.64,24.24,24.31,23521600
28-Feb-12,24.51,24.69,24.33,24.33,23401800
27-Feb-12,24.65,24.92,24.29,24.35,30229700
24-Feb-12,24.15,24.59,24.11,24.48,23627900
23-Feb-12,23.68,24.09,23.67,23.92,20973800
22-Feb-12,23.92,24.13,23.74,23.89,17168500
17-Feb-12,24.10,24.15,23.65,24.05,24239300
16-Feb-12,22.95,23.93,22.83,23.88,36725000
15-Feb-12,23.49,23.59,22.71,23.10,40081300
14-Feb-12,24.36,24.36,23.10,23.21,42001400
13-Feb-12,23.80,24.54,23.62,24.36,46808100
10-Feb-12,24.24,24.55,23.50,23.50,88045000
9-Feb-12,25.48,25.74,25.17,25.50,23662100
8-Feb-12,25.65,25.88,25.30,25.43,24815600
7-Feb-12,24.72,25.64,24.72,25.60,29503300
6-Feb-12,24.49,24.86,24.40,24.86,14430800
3-Feb-12,24.47,24.93,24.37,24.61,20308300
2-Feb-12,24.88,25.22,24.45,24.53,26639600
1-Feb-12,24.70,25.17,24.63,24.95,24357500
31-Jan-12,24.75,24.94,24.33,24.57,28146500
30-Jan-12,24.43,24.63,24.35,24.57,16811800
27-Jan-12,25.08,25.15,24.62,24.67,17637100
26-Jan-12,25.73,25.89,24.92,24.92,30571700
24-Jan-12,25.05,25.78,24.95,25.40,37248200
23-Jan-12,24.09,25.49,24.04,25.13,36560200
20-Jan-12,24.10,24.22,23.88,24.22,16643000
19-Jan-12,24.40,24.54,24.21,24.21,22835300
18-Jan-12,23.82,24.46,23.82,24.37,25733500
17-Jan-12,23.97,24.13,23.70,23.80,26903000
16-Jan-12,23.05,23.70,23.02,23.65,29976400
13-Jan-12,22.95,23.10,22.85,23.05,27090600
12-Jan-12,22.99,23.27,22.78,23.08,28334400
11-Jan-12,22.89,23.00,22.65,22.91,19836100
10-Jan-12,22.94,23.02,22.79,22.90,21084100
9-Jan-12,22.44,22.63,22.28,22.63,14665100
6-Jan-12,22.47,22.58,22.25,22.33,13941000
5-Jan-12,22.39,22.61,22.15,22.31,19489000
4-Jan-12,22.18,22.58,21.98,22.57,18736900
3-Jan-12,21.83,22.41,21.81,22.41,22940500
2-Jan-12,21.51,22.12,21.26,21.73,20391300
29-Dec-11,21.59,21.59,21.00,21.49,21683800
28-Dec-11,22.24,22.24,21.42,21.43,15843300
27-Dec-11,22.17,22.32,22.14,22.20,9287300
26-Dec-11,22.30,22.34,22.17,22.17,2820600
23-Dec-11,22.27,22.39,22.17,22.22,9300000
22-Dec-11,22.08,22.30,21.92,22.15,14040300
21-Dec-11,21.90,21.99,21.52,21.92,18567300
20-Dec-11,21.40,22.10,21.31,22.10,24437600
19-Dec-11,21.37,21.62,21.12,21.12,18945100
16-Dec-11,21.60,21.71,21.30,21.30,21221600
15-Dec-11,22.05,22.30,21.47,21.51,24826000
14-Dec-11,22.35,22.45,21.82,21.82,32567700
13-Dec-11,22.59,22.80,22.37,22.42,22968900
12-Dec-11,22.76,22.85,22.18,22.42,15750700
9-Dec-11,22.71,23.15,22.60,23.02,17627000
8-Dec-11,23.35,23.45,22.37,22.52,25386200
7-Dec-11,23.34,23.47,23.01,23.29,18584500
6-Dec-11,22.82,23.36,22.82,23.32,17084200
5-Dec-11,22.74,23.12,22.64,22.97,19102500
2-Dec-11,22.62,22.73,22.35,22.53,17524400
1-Dec-11,22.33,22.53,22.13,22.52,22314900
30-Nov-11,21.80,22.22,21.68,22.05,29239500
29-Nov-11,21.52,21.89,21.32,21.41,18412100
28-Nov-11,21.51,21.68,21.36,21.50,14923300
25-Nov-11,21.48,21.65,21.01,21.01,18320800
24-Nov-11,21.74,21.80,21.53,21.67,10213300
23-Nov-11,21.49,21.68,21.44,21.57,16786000
22-Nov-11,21.74,21.98,21.62,21.68,19880400
21-Nov-11,21.41,21.85,21.31,21.80,33001100
18-Nov-11,21.70,21.87,21.47,21.75,20047400
17-Nov-11,21.96,22.12,21.49,21.52,22453400
16-Nov-11,21.96,22.22,21.72,22.11,20722500
14-Nov-11,21.86,22.05,21.63,21.92,12704300
11-Nov-11,21.89,22.15,21.79,21.96,16460800
10-Nov-11,21.75,21.90,21.51,21.51,15411300
9-Nov-11,22.01,22.19,21.44,21.46,27702000
8-Nov-11,22.80,22.94,22.32,22.41,22010000
7-Nov-11,22.05,22.78,21.97,22.68,25470000
4-Nov-11,21.73,22.18,21.71,22.10,19144700
3-Nov-11,21.56,21.97,21.32,21.92,24130000
1-Nov-11,20.40,21.25,20.40,21.13,27873500
31-Oct-11,21.65,21.98,21.26,21.32,30913100
28-Oct-11,20.85,21.58,20.78,21.58,30090200
27-Oct-11,20.67,21.24,20.55,20.94,39069500
26-Oct-11,20.15,20.25,19.86,20.08,15789900
25-Oct-11,19.65,20.13,19.54,19.93,21818000
24-Oct-11,19.40,19.89,19.24,19.78,21779000
21-Oct-11,18.96,19.38,18.93,19.27,18787300
20-Oct-11,19.18,19.18,18.62,18.82,17329400
19-Oct-11,19.44,19.49,19.07,19.23,16380200
18-Oct-11,19.20,19.53,19.01,19.45,22334400
17-Oct-11,19.45,19.70,18.98,19.30,22841200
14-Oct-11,19.55,19.70,19.31,19.64,20916800
13-Oct-11,19.40,19.54,18.98,19.39,27038100
11-Oct-11,18.70,19.21,18.55,19.16,29714600
10-Oct-11,18.50,18.98,18.35,18.91,17685700
7-Oct-11,19.07,19.07,18.21,18.30,21500100
6-Oct-11,18.49,19.09,18.35,18.85,27305500
5-Oct-11,18.40,18.75,18.05,18.21,20425100
4-Oct-11,18.25,18.55,17.90,18.55,29503700
3-Oct-11,18.96,19.07,18.41,18.41,28605200
30-Sep-11,19.18,19.38,18.93,19.10,20418900
29-Sep-11,19.48,19.58,19.23,19.40,15220700
28-Sep-11,19.58,19.70,19.33,19.35,15557500
27-Sep-11,20.09,20.10,19.52,19.55,15427000
26-Sep-11,19.35,19.78,18.97,19.78,17539800
23-Sep-11,19.51,19.73,19.12,19.16,17860700
22-Sep-11,20.02,20.17,19.30,19.50,31416900
21-Sep-11,20.75,21.06,20.55,20.60,19357600
20-Sep-11,20.78,21.08,20.58,20.60,14889000
19-Sep-11,20.33,20.82,20.32,20.80,20027100
16-Sep-11,20.55,20.67,20.40,20.65,13098300
15-Sep-11,20.70,20.78,20.47,20.55,12969800
14-Sep-11,20.35,20.82,20.18,20.52,19667800
13-Sep-11,20.40,20.45,20.15,20.32,14984400
12-Sep-11,19.80,20.34,19.72,20.34,16675800
9-Sep-11,20.50,20.60,20.07,20.15,19703400
8-Sep-11,20.75,20.88,20.57,20.66,16132000
6-Sep-11,19.73,20.54,19.68,20.47,21669700
5-Sep-11,19.90,20.10,19.85,20.03,9490100
2-Sep-11,20.66,20.76,20.03,20.37,24292000
1-Sep-11,21.12,21.14,20.85,21.04,21673300
31-Aug-11,20.76,20.87,20.43,20.80,26421000
30-Aug-11,20.38,20.73,20.30,20.55,16994500
29-Aug-11,20.18,20.63,20.17,20.49,16367000
26-Aug-11,19.71,20.07,19.58,19.90,17681100
25-Aug-11,20.15,20.29,19.78,19.86,19370500
24-Aug-11,20.12,20.35,19.99,20.23,18429000
23-Aug-11,19.80,20.30,19.51,20.16,21910500
22-Aug-11,20.10,20.27,19.64,19.65,17195200
19-Aug-11,19.93,20.35,19.70,19.70,23649000
18-Aug-11,20.35,20.37,19.77,20.30,25674000
17-Aug-11,20.80,20.96,20.54,20.87,18831300
16-Aug-11,20.77,20.84,20.48,20.76,19587500
15-Aug-11,20.50,20.99,20.47,20.99,21667900
12-Aug-11,20.23,20.52,20.09,20.30,33191800
11-Aug-11,19.95,20.47,19.42,20.21,38531100
10-Aug-11,19.01,19.85,18.81,19.73,38362600
9-Aug-11,18.83,19.67,18.62,19.15,45510200
8-Aug-11,19.22,19.48,18.37,18.65,40577400
5-Aug-11,20.62,20.98,19.73,20.18,40230000
4-Aug-11,21.90,21.99,20.65,20.65,42810100
3-Aug-11,23.05,23.08,22.25,22.29,25521800
2-Aug-11,23.49,23.63,23.09,23.17,14542300
1-Aug-11,23.66,23.75,23.42,23.50,14860800
29-Jul-11,23.18,23.54,23.17,23.50,13691400
28-Jul-11,23.69,23.74,23.44,23.50,17246400
27-Jul-11,23.59,23.78,23.41,23.59,22203700
26-Jul-11,23.59,23.92,23.48,23.66,25370300
25-Jul-11,23.09,23.60,23.05,23.50,26732200
22-Jul-11,23.02,23.27,22.85,22.97,13483500
21-Jul-11,22.48,23.11,22.43,23.00,19067100
20-Jul-11,22.75,22.81,22.38,22.38,18924100
19-Jul-11,22.87,22.97,22.56,22.65,17100500
18-Jul-11,22.81,23.00,22.53,22.76,16322400
15-Jul-11,23.00,23.11,22.86,22.99,15777400
14-Jul-11,23.27,23.36,22.86,22.95,17235500
13-Jul-11,23.29,23.44,23.13,23.39,15336700
12-Jul-11,23.02,23.30,22.93,23.12,11835400
11-Jul-11,23.20,23.32,23.06,23.15,16582400
8-Jul-11,23.50,23.63,23.40,23.44,13559700
7-Jul-11,23.70,23.79,23.55,23.63,15371600
6-Jul-11,23.45,23.65,23.29,23.51,13117100
5-Jul-11,23.80,23.98,23.51,23.56,12717200
4-Jul-11,23.72,23.85,23.71,23.80,5652500
1-Jul-11,23.65,23.89,23.47,23.75,18199100
30-Jun-11,23.59,23.72,23.50,23.72,16079200
29-Jun-11,23.50,23.54,23.20,23.38,14142800
28-Jun-11,23.17,23.45,23.10,23.45,15753300
27-Jun-11,23.00,23.19,22.87,23.08,14955300
24-Jun-11,23.17,23.21,22.85,22.87,15977500
22-Jun-11,23.20,23.67,23.17,23.26,18615300
21-Jun-11,23.20,23.30,23.04,23.24,13510200
20-Jun-11,23.20,23.44,23.06,23.10,18966600
17-Jun-11,23.47,23.48,23.19,23.24,14191400
16-Jun-11,23.29,23.75,23.09,23.29,20161600
15-Jun-11,23.29,23.55,23.15,23.30,20599900
14-Jun-11,23.42,23.69,23.42,23.60,13525500
13-Jun-11,23.77,23.82,23.26,23.33,12131900
10-Jun-11,23.78,23.84,23.54,23.72,17587600
9-Jun-11,23.24,23.94,23.09,23.70,24521000
8-Jun-11,22.95,23.45,22.85,23.20,21767100
7-Jun-11,23.36,23.37,22.94,23.00,23231900
6-Jun-11,23.87,23.93,23.15,23.20,22018200
3-Jun-11,23.78,24.16,23.67,23.78,15337000
2-Jun-11,24.03,24.07,23.73,23.95,15748300
1-Jun-11,24.00,24.14,23.83,24.00,17885600
31-May-11,24.30,24.35,23.88,24.09,16156600
30-May-11,24.32,24.32,24.05,24.08,3555700
27-May-11,24.32,24.44,24.14,24.29,13755500
26-May-11,24.00,24.20,23.76,24.20,16766100
25-May-11,23.83,24.21,23.65,23.90,12385700
24-May-11,23.86,24.08,23.74,23.85,12793100
23-May-11,23.50,23.70,23.41,23.60,14783700
20-May-11,23.66,24.15,23.48,23.99,13950700
19-May-11,24.25,24.39,23.64,23.64,17706900
18-May-11,24.47,24.68,24.10,24.10,18796300
17-May-11,23.99,24.47,23.75,24.40,20258000
16-May-11,23.43,24.29,23.33,23.94,30088100
13-May-11,23.77,23.85,23.48,23.52,20082000
12-May-11,23.60,23.92,23.43,23.68,23455800
11-May-11,24.55,24.58,24.01,24.01,21901600
10-May-11,24.72,24.86,24.51,24.68,12565600
9-May-11,24.24,24.69,24.20,24.60,18303600
6-May-11,24.80,24.89,24.14,24.21,22917500
5-May-11,25.19,25.34,24.24,24.47,30998100
4-May-11,25.59,25.63,25.20,25.32,25541400
3-May-11,25.70,25.78,25.43,25.45,17841800
2-May-11,25.71,25.89,25.50,25.73,20830800
29-Apr-11,25.34,25.67,25.27,25.60,15923100
28-Apr-11,25.65,25.66,25.26,25.45,23904100
27-Apr-11,26.22,26.22,25.69,25.74,16820800
26-Apr-11,26.20,26.33,25.95,26.20,12082300
25-Apr-11,26.31,26.43,26.02,26.18,12867700
20-Apr-11,26.21,26.29,25.90,26.29,23575800
19-Apr-11,25.75,26.02,25.57,25.73,19327200
18-Apr-11,26.31,26.31,25.48,25.49,35915100
15-Apr-11,26.08,26.56,26.05,26.53,27267800
14-Apr-11,26.10,26.43,25.93,25.98,27489800
13-Apr-11,26.80,26.80,26.05,26.15,29954100
12-Apr-11,27.32,27.40,26.56,26.65,33535300
11-Apr-11,27.99,27.99,27.42,27.49,19399600
8-Apr-11,28.05,28.14,27.78,28.01,17515900
7-Apr-11,28.13,28.25,27.72,28.00,21872100
6-Apr-11,28.35,28.42,28.07,28.17,14652000
5-Apr-11,28.55,28.57,28.24,28.37,19729600
4-Apr-11,28.80,28.85,28.56,28.61,13522000
1-Apr-11,28.62,28.74,28.52,28.74,15148700
31-Mar-11,28.41,28.65,28.38,28.51,13903800
30-Mar-11,28.52,28.55,28.30,28.37,13888700
29-Mar-11,28.40,28.60,28.26,28.35,12036900
28-Mar-11,28.56,28.80,28.35,28.35,11432600
25-Mar-11,28.50,28.79,28.41,28.64,16324700
24-Mar-11,28.66,28.78,28.35,28.43,12248000
23-Mar-11,28.30,28.68,28.23,28.62,20396900
22-Mar-11,28.05,28.54,28.02,28.33,23606200
21-Mar-11,28.16,28.35,27.98,28.13,28580800
18-Mar-11,28.20,28.22,27.82,27.90,21601100
17-Mar-11,28.14,28.20,27.88,28.08,16511000
16-Mar-11,28.16,28.41,27.61,27.78,33678600
15-Mar-11,27.45,28.17,27.45,28.04,22515300
14-Mar-11,28.00,28.42,27.87,28.28,13554000
11-Mar-11,27.95,28.40,27.67,28.17,20803900
10-Mar-11,28.40,28.43,27.88,28.12,22751200
9-Mar-11,28.83,28.87,28.52,28.55,15883700
4-Mar-11,29.00,29.17,28.72,29.08,21019800
3-Mar-11,28.92,28.97,28.60,28.96,17305300
2-Mar-11,28.30,28.96,28.17,28.90,25808400
1-Mar-11,28.50,28.79,28.19,28.29,26547900
28-Feb-11,28.44,28.68,28.16,28.58,28891100
25-Feb-11,28.41,28.75,28.15,28.60,27201000
24-Feb-11,29.05,29.26,28.36,28.37,50413400
23-Feb-11,27.91,28.90,27.80,28.71,62622100
22-Feb-11,27.46,27.95,27.45,27.77,36610900
21-Feb-11,27.47,27.65,27.25,27.40,22204200
18-Feb-11,27.16,27.44,27.11,27.37,16769000
17-Feb-11,27.40,27.44,27.04,27.25,19143600
16-Feb-11,27.20,27.45,27.07,27.31,24193500
15-Feb-11,26.67,27.32,26.63,26.97,27939600
14-Feb-11,26.41,26.91,26.24,26.75,18258200
11-Feb-11,26.45,26.70,26.30,26.40,19504200
10-Feb-11,26.20,26.74,26.16,26.27,18608400
9-Feb-11,26.86,26.97,26.11,26.18,32619500
8-Feb-11,27.03,27.34,26.82,26.96,31261000
7-Feb-11,27.80,27.87,27.11,27.22,23873700
4-Feb-11,28.04,28.22,27.56,27.62,27702000
3-Feb-11,27.76,28.12,27.70,28.03,27639400
2-Feb-11,27.60,27.98,27.50,27.80,33156700
1-Feb-11,27.30,27.72,27.11,27.64,28782500
31-Jan-11,26.86,27.25,26.66,27.09,33947200
28-Jan-11,27.05,27.08,26.25,26.67,28037200
27-Jan-11,26.95,27.15,26.71,26.87,18552100
26-Jan-11,27.09,27.33,26.71,26.83,21421100
24-Jan-11,27.08,27.25,26.81,27.00,10765700
21-Jan-11,27.41,27.51,27.05,27.05,18127100
20-Jan-11,27.15,27.52,26.96,27.27,21486200
19-Jan-11,27.80,27.95,27.25,27.30,22631600
18-Jan-11,27.65,27.76,27.40,27.72,22139400
17-Jan-11,27.42,27.77,27.36,27.45,19288800
14-Jan-11,27.27,27.71,27.25,27.55,20220300
13-Jan-11,28.00,28.12,27.31,27.31,31826100
12-Jan-11,27.38,27.98,27.32,27.90,39193500
11-Jan-11,27.10,27.40,27.07,27.15,23190100
10-Jan-11,26.65,27.02,26.58,26.98,14366200
7-Jan-11,27.02,27.18,26.73,26.73,17453800
6-Jan-11,27.20,27.46,27.01,27.11,24328800
5-Jan-11,26.68,27.35,26.58,27.22,24306800
4-Jan-11,27.01,27.06,26.40,26.90,30936600
3-Jan-11,27.50,27.58,26.91,27.00,22738500
30-Dec-10,27.29,27.44,27.09,27.29,29619400
29-Dec-10,26.78,27.17,26.78,26.97,20295300
28-Dec-10,26.30,26.71,26.21,26.66,21577300
27-Dec-10,25.56,26.09,25.52,26.05,12045200
23-Dec-10,25.64,25.87,25.56,25.75,12437000
22-Dec-10,25.56,25.72,25.47,25.72,11576500
21-Dec-10,25.84,25.93,25.71,25.77,16018600
20-Dec-10,25.94,26.06,25.57,25.57,31823100
17-Dec-10,25.23,25.94,25.04,25.94,17747100
16-Dec-10,25.50,25.65,25.26,25.35,15651800
15-Dec-10,25.59,25.71,25.37,25.37,23538200
14-Dec-10,25.83,26.04,25.72,25.83,15664600
13-Dec-10,25.89,26.09,25.88,25.91,16896400
10-Dec-10,25.60,25.74,25.45,25.70,14107600
9-Dec-10,25.17,25.50,25.09,25.40,21341600
8-Dec-10,25.38,25.50,25.00,25.00,21494200
7-Dec-10,26.20,26.29,25.35,25.35,27050000
6-Dec-10,25.76,26.04,25.71,25.86,17859600
3-Dec-10,25.45,25.70,25.23,25.70,15838500
2-Dec-10,25.45,25.69,25.30,25.40,19060800
1-Dec-10,25.03,25.34,24.97,25.26,22328400
30-Nov-10,24.69,25.10,24.51,24.59,28357900
29-Nov-10,24.55,24.94,24.46,24.70,18657100
26-Nov-10,24.66,24.83,24.43,24.60,17078100
25-Nov-10,25.35,25.35,24.85,24.85,8896300
24-Nov-10,24.90,25.37,24.75,25.24,23972500
23-Nov-10,24.69,24.93,24.52,24.65,27569300
22-Nov-10,25.64,25.67,24.95,25.06,19249900
19-Nov-10,25.70,25.75,25.42,25.70,16481500
18-Nov-10,25.85,26.09,25.71,25.90,24640000
17-Nov-10,25.49,25.69,25.28,25.45,16842600
16-Nov-10,25.85,25.91,25.13,25.40,32183100
12-Nov-10,26.24,26.39,25.82,25.85,41525500
11-Nov-10,27.07,27.11,26.65,26.72,27355900
10-Nov-10,27.11,27.25,26.87,27.13,21229300
9-Nov-10,27.62,27.77,27.12,27.12,20757700
8-Nov-10,27.11,27.58,27.10,27.53,25051600
5-Nov-10,27.42,27.65,27.25,27.25,16761300
4-Nov-10,27.35,27.64,27.21,27.50,32455000
3-Nov-10,26.70,27.11,26.50,27.00,36288300
1-Nov-10,26.05,26.67,25.93,26.49,22132600
29-Oct-10,26.59,26.59,25.85,25.85,31585700
28-Oct-10,26.49,26.84,25.87,26.26,36697700
27-Oct-10,25.70,27.05,25.24,26.19,56750100
26-Oct-10,24.52,26.25,24.45,25.85,46812400
25-Oct-10,24.45,24.79,24.35,24.57,21647100
22-Oct-10,24.46,24.71,23.90,24.21,28738200
21-Oct-10,25.05,25.23,24.10,24.16,44679400
20-Oct-10,25.47,25.63,24.99,24.99,30872600
19-Oct-10,25.94,26.12,25.28,25.28,31746200
18-Oct-10,26.15,26.50,25.97,26.40,28001900
15-Oct-10,26.53,26.64,26.18,26.29,26691200
14-Oct-10,25.66,26.44,25.44,26.44,40386400
13-Oct-10,26.02,26.09,25.58,25.71,30156000
11-Oct-10,26.10,26.21,25.78,25.85,14338300
8-Oct-10,25.21,26.00,24.88,26.00,32670900
7-Oct-10,26.05,26.05,24.64,25.30,59209700
6-Oct-10,26.80,26.89,25.59,25.86,67569200
5-Oct-10,27.59,27.60,26.76,26.98,42377800
4-Oct-10,27.48,27.85,27.35,27.38,25001100
1-Oct-10,27.58,27.70,27.31,27.50,22431100
30-Sep-10,27.65,27.95,27.22,27.29,35419800
29-Sep-10,26.60,27.50,26.54,27.50,77343700
28-Sep-10,26.76,26.89,26.45,26.70,34634300
27-Sep-10,26.34,26.69,26.05,26.50,57987900
24-Sep-10,27.05,27.09,26.30,26.30,85873800
23-Sep-10,25.92,27.46,25.92,26.80,55285600
22-Sep-10,26.09,26.43,25.82,25.98,43614700
21-Sep-10,27.12,27.25,26.35,26.35,28615300
20-Sep-10,26.42,27.43,26.20,27.10,26848600
17-Sep-10,26.13,26.54,26.10,26.44,18012500
16-Sep-10,26.11,26.68,26.05,26.36,20305300
15-Sep-10,26.00,26.60,25.75,26.45,40928700
14-Sep-10,28.19,28.57,26.85,26.85,39196800
13-Sep-10,27.75,28.32,27.55,28.30,24171200
10-Sep-10,27.50,27.94,27.41,27.52,16665300
9-Sep-10,28.05,28.14,27.19,27.60,20191800
8-Sep-10,27.97,28.48,27.79,27.83,32338400
6-Sep-10,29.18,29.29,28.63,29.09,19635800
3-Sep-10,28.30,28.92,28.05,28.80,46190200
2-Sep-10,26.89,28.15,26.74,27.60,26761400
1-Sep-10,26.30,27.19,26.15,27.03,19359200
31-Aug-10,25.81,26.06,25.52,26.06,15881100
30-Aug-10,26.35,26.43,25.45,25.45,22067300
27-Aug-10,25.95,26.59,25.62,26.56,14878800
26-Aug-10,26.70,26.70,25.70,25.70,22021900
25-Aug-10,26.07,26.29,25.50,26.08,21490600
24-Aug-10,26.50,26.85,26.14,26.14,15741900
23-Aug-10,26.92,27.19,26.66,26.66,10445000
20-Aug-10,26.75,27.08,26.56,26.78,17204600
19-Aug-10,26.91,27.39,26.71,26.78,26365800
18-Aug-10,28.29,28.35,27.61,27.68,20458600
17-Aug-10,27.76,28.55,27.76,28.30,15546700
16-Aug-10,27.61,27.80,27.59,27.61,15292800
13-Aug-10,27.65,27.82,27.50,27.66,12344200
12-Aug-10,27.40,27.86,27.20,27.53,13560300
11-Aug-10,28.04,28.16,27.50,27.50,16895900
10-Aug-10,28.62,28.62,28.18,28.41,16439600
9-Aug-10,28.97,29.35,28.80,28.83,10274900
6-Aug-10,29.20,29.45,28.94,29.02,11196700
5-Aug-10,29.27,29.48,29.10,29.43,11125200
4-Aug-10,29.36,29.54,29.06,29.34,20894700
3-Aug-10,28.40,29.53,28.20,29.08,24018500
2-Aug-10,27.97,28.56,27.95,28.44,17740200
30-Jul-10,27.66,27.93,27.45,27.85,12928700
29-Jul-10,27.84,27.95,27.63,27.74,10324200
28-Jul-10,27.95,28.05,27.73,27.80,11317300
27-Jul-10,28.00,28.16,27.86,27.98,10359400
26-Jul-10,27.79,28.04,27.70,27.90,7666200
23-Jul-10,27.99,28.05,27.59,27.79,12762200
22-Jul-10,27.84,28.28,27.68,27.98,13382700
21-Jul-10,27.83,28.05,27.39,27.50,11651800
20-Jul-10,26.77,27.82,26.71,27.65,16035400
19-Jul-10,26.85,27.06,26.68,26.95,12468700
16-Jul-10,27.04,27.09,26.71,26.84,9806100
15-Jul-10,27.06,27.30,26.87,27.11,7914000
14-Jul-10,27.05,27.40,26.93,27.30,11099800
13-Jul-10,27.38,27.49,27.07,27.30,12667200
12-Jul-10,27.62,27.74,27.18,27.23,9365000
8-Jul-10,27.48,27.64,27.21,27.58,10498100
7-Jul-10,27.20,27.52,26.78,27.40,16555400
6-Jul-10,27.00,27.30,26.76,27.05,15896300
5-Jul-10,26.78,27.05,26.54,26.54,6883900
2-Jul-10,26.72,26.99,26.52,26.77,10088300
1-Jul-10,27.11,27.21,26.31,26.45,18632300
30-Jun-10,26.96,27.50,26.82,26.86,18010900
29-Jun-10,27.00,27.10,26.71,26.83,16290900
28-Jun-10,27.92,28.06,27.34,27.42,7278900
25-Jun-10,27.35,28.05,27.31,27.91,10738000
24-Jun-10,28.45,28.45,27.49,27.49,21828900
23-Jun-10,28.84,29.33,28.36,28.50,24118000
22-Jun-10,29.39,29.62,29.01,29.11,19578200
21-Jun-10,29.61,29.97,29.38,29.40,23758300
18-Jun-10,29.59,29.66,29.25,29.49,12366200
17-Jun-10,29.70,29.85,29.32,29.52,15576800
16-Jun-10,29.24,29.80,28.80,29.65,24436900
15-Jun-10,28.93,29.24,28.73,29.00,12607800
14-Jun-10,29.90,29.94,29.02,29.05,15282500
11-Jun-10,29.69,29.82,29.42,29.62,11613900
10-Jun-10,30.00,30.25,29.76,29.90,17889600
9-Jun-10,29.90,30.38,29.55,29.55,20135000
8-Jun-10,29.76,30.03,29.44,29.66,16120800
7-Jun-10,29.45,30.08,29.33,29.52,16452000
4-Jun-10,28.87,29.68,28.75,29.25,15178000
2-Jun-10,28.64,29.35,28.64,29.10,13859300
1-Jun-10,29.00,29.69,28.48,28.65,25987900
31-May-10,28.21,29.60,28.21,29.60,14270600
28-May-10,27.86,28.20,27.66,28.20,20301300
27-May-10,27.50,27.92,27.40,27.81,18332900
26-May-10,27.06,27.42,26.63,27.05,20468900
25-May-10,26.30,26.72,26.00,26.55,24219500
24-May-10,27.40,27.78,27.10,27.15,14996100
21-May-10,27.48,28.05,27.13,27.58,28529000
20-May-10,28.00,28.10,27.43,27.43,25639300
19-May-10,28.91,29.47,28.55,28.55,25227200
18-May-10,30.12,30.14,29.17,29.22,17679200
17-May-10,30.20,30.39,29.56,29.85,26530800
14-May-10,29.79,30.10,29.31,30.09,24270200
13-May-10,30.20,30.41,29.95,30.00,16122900
12-May-10,29.95,30.00,29.67,29.90,15380800
11-May-10,29.82,30.28,29.60,29.62,17334600
10-May-10,31.00,31.10,30.15,30.15,20988100
7-May-10,29.99,30.31,29.14,29.75,24546000
6-May-10,29.74,30.78,29.74,29.81,32015500
5-May-10,30.00,30.81,29.76,30.21,29471100
4-May-10,30.16,31.27,29.91,30.44,39268400
3-May-10,32.55,32.63,31.46,31.50,28849400
30-Apr-10,32.81,33.20,32.56,32.80,15687800
29-Apr-10,32.84,33.10,32.52,33.02,11932800
28-Apr-10,32.32,33.00,31.90,32.39,17380900
27-Apr-10,33.07,33.10,32.10,32.10,23019700
26-Apr-10,33.70,34.18,33.31,33.31,13810200
23-Apr-10,33.57,34.00,33.54,34.00,12312800
22-Apr-10,33.90,34.04,33.41,33.86,19873300
20-Apr-10,33.80,34.30,33.80,34.30,22158800
19-Apr-10,32.96,33.55,32.51,33.55,23996300
16-Apr-10,33.50,33.58,32.72,32.95,48889400
15-Apr-10,33.71,34.45,33.54,33.60,43408800
14-Apr-10,34.30,34.49,34.05,34.25,17377900
13-Apr-10,34.47,34.59,33.90,34.19,19661600
12-Apr-10,35.25,35.43,34.28,34.39,29883800
9-Apr-10,35.80,36.09,35.23,35.23,17017800
8-Apr-10,35.58,35.90,35.46,35.81,13552100
7-Apr-10,35.94,36.24,35.59,35.80,15079400
6-Apr-10,35.92,36.41,35.83,36.08,13410200
5-Apr-10,35.95,36.25,35.82,36.01,12120300
1-Apr-10,35.66,35.90,35.55,35.75,13721900
31-Mar-10,34.60,35.39,34.51,35.39,16551700
30-Mar-10,35.09,35.30,34.76,34.80,12365900
29-Mar-10,34.74,35.20,34.12,34.90,19312800
26-Mar-10,35.43,35.55,34.30,34.50,28820300
25-Mar-10,36.33,36.43,35.20,35.20,17698800
24-Mar-10,36.12,36.57,35.60,36.09,18683500
23-Mar-10,36.38,36.42,35.71,35.82,17207000
22-Mar-10,35.61,36.36,35.50,36.24,13489200
19-Mar-10,37.00,37.09,36.16,36.23,24306500
18-Mar-10,37.14,37.40,36.76,37.02,12061700
17-Mar-10,37.26,37.48,36.93,37.15,10298100
16-Mar-10,36.93,37.21,36.70,37.21,12807500
15-Mar-10,36.77,37.23,36.47,36.77,19839600
12-Mar-10,37.20,37.41,37.06,37.06,13940300
11-Mar-10,36.93,37.47,36.81,37.05,19449600
10-Mar-10,37.06,37.16,36.65,37.00,32196400
9-Mar-10,35.50,36.85,35.46,36.50,68696600
8-Mar-10,35.83,35.99,35.41,35.70,15902100
5-Mar-10,35.69,35.92,35.40,35.81,28235000
4-Mar-10,35.39,35.49,34.81,35.20,14068900
3-Mar-10,35.48,35.82,35.05,35.15,19957600
2-Mar-10,35.34,35.52,35.12,35.12,17108100
1-Mar-10,34.82,35.05,34.42,34.93,16959300
26-Feb-10,34.59,34.75,34.21,34.61,17804300
25-Feb-10,33.48,34.50,33.26,34.38,18650100
24-Feb-10,34.29,34.35,33.64,33.94,13563100
23-Feb-10,34.41,34.65,34.00,34.19,16937500
22-Feb-10,34.50,34.89,34.41,34.65,19817500
19-Feb-10,34.42,34.65,34.16,34.35,11889400
18-Feb-10,34.24,34.69,33.82,34.69,17017800
17-Feb-10,34.16,34.50,34.03,34.25,16622400
12-Feb-10,33.28,34.02,32.95,33.80,19127100
11-Feb-10,32.89,33.47,32.73,33.36,24110900
10-Feb-10,32.45,32.73,31.77,32.64,21909900
9-Feb-10,32.20,32.68,32.10,32.24,18104200
8-Feb-10,31.80,32.26,31.42,31.74,18684700
5-Feb-10,31.80,32.27,30.72,31.52,29033800
4-Feb-10,33.84,33.94,32.12,32.30,24280300
3-Feb-10,34.05,34.18,33.73,34.04,16091200
2-Feb-10,34.51,34.67,34.06,34.10,15289600
1-Feb-10,34.29,34.49,33.90,34.30,15869300
29-Jan-10,34.97,35.05,33.93,34.17,16106700
28-Jan-10,34.60,34.69,33.87,34.61,13819200
27-Jan-10,33.90,34.29,33.51,34.11,19908600
26-Jan-10,34.29,34.34,33.65,33.90,20281200
22-Jan-10,34.45,34.80,34.06,34.75,19025100
21-Jan-10,35.58,35.70,34.29,34.33,24553000
20-Jan-10,35.53,36.15,35.26,35.45,18757500
19-Jan-10,36.45,36.65,36.24,36.38,16895900
18-Jan-10,35.90,36.67,35.77,36.55,23168400
15-Jan-10,35.57,36.10,35.51,35.75,21169000
14-Jan-10,36.28,36.46,35.56,35.67,20073400
13-Jan-10,36.56,36.74,35.84,36.30,23228200
12-Jan-10,36.59,36.68,36.04,36.36,14886200
11-Jan-10,37.21,37.34,36.62,36.83,15317700
8-Jan-10,37.16,37.39,36.86,36.95,14624200
7-Jan-10,37.27,37.45,37.07,37.15,10964600
6-Jan-10,36.80,37.50,36.80,37.50,18720600
5-Jan-10,37.38,37.43,36.80,37.00,21396400
4-Jan-10,36.95,37.32,36.82,37.32,13303600
